"","X","app","uid","contextA","timestampA","Physics_EAPA","ForceAndMotion_EAPA","LinearMomentum_EAPA","Energy_EAPA","Torque_EAPA","NFL_EAPA","NSL_EAPA","NTL_EAPA","POfMom_EAPA","ConOfMom_EAPA","EnergyTransfer_EAPA","EnergyDissipate_EAPA","StaticEquilibrium_EAPA","PropertiesofTorque_EAPA","Physics_Margin.HighA","Physics_Margin.MediumA","Physics_Margin.LowA","Physics_ModeA","contextB","timestampB","Physics_EAPB","ForceAndMotion_EAPB","LinearMomentum_EAPB","Energy_EAPB","Torque_EAPB","NFL_EAPB","NSL_EAPB","NTL_EAPB","POfMom_EAPB","ConOfMom_EAPB","EnergyTransfer_EAPB","EnergyDissipate_EAPB","StaticEquilibrium_EAPB","PropertiesofTorque_EAPB","Physics_Margin.HighB","Physics_Margin.MediumB","Physics_Margin.LowB","Physics_ModeB"
"1",1,"adaptive","004c1","Spring","2019-05-22 08:44:34",-0.2826,-0.4475,0.3362,-0.441,-0.3295,-0.9674,-0.9674,-0.9674,0.3211,0.9511,0.0091,-0.8957,-0.1808,0.9472,0.0323,0.6432,0.3244,"M","Perfect Toss","2019-05-22 08:43:45",-0.8755,-0.9331,-0.6252,-0.8949,-0.9309,-0.9674,-0.9674,-0.9674,-0.0294,-0.6555,-0.2872,-0.9658,0.2865,-0.3139,5e-04,0.0941,0.9055,"L"
"2",2,"adaptive","007c1","Pipes","2019-05-20 09:18:26",-0.1998,-0.3602,0.4681,-0.0778,-0.5275,-0.9674,-0.899,-0.9674,0.7008,0.8578,0.9674,-0.9674,-0.9591,0.9668,0.0367,0.72,0.2433,"M","Get Over It!","2019-05-20 09:18:14",0.1411,-0.0836,0.659,0.231,0.1221,-0.9674,-0.9672,-0.9084,0.5657,0.9673,0.9674,-0.4777,0.9674,0.3763,0.1807,0.7844,0.0349,"M"
"3",3,"adaptive","009c1","Spiral","2019-05-22 09:00:23",-0.6824,-0.796,-0.0019,-0.7504,-0.8378,-0.9674,-0.9674,-0.9674,0.3971,0.5204,-6e-04,-0.9674,-0.9673,0.9253,0.0068,0.2811,0.7121,"L","Green Apple","2019-05-22 08:57:33",-0.5065,-0.6939,-0.2274,-0.2161,-0.7628,-0.9674,-0.9674,-0.9674,-0.7022,0.3683,0.9674,-0.9493,-0.0682,0.0199,0.0083,0.4598,0.5319,"L"
"4",4,"adaptive","010c1","Cookie Monster","2019-05-22 08:54:53",-0.7125,-0.8297,-0.2265,-0.775,-0.7951,-0.9674,-0.9674,-0.9674,0.0074,0.0704,-4.9976e-06,-0.9674,-0.7727,0.9674,0.0036,0.2563,0.7401,"L","St. Patrick's Day","2019-05-22 08:50:40",-0.9198,-0.9544,-0.9184,-0.8952,-0.9381,-0.9674,-0.9674,-0.9674,-0.9674,-0.896,0.0023,-0.9651,0.9674,-0.9222,1e-04,0.049,0.9509,"L"
"5",5,"adaptive","011c1","Tetherball","2019-05-22 08:45:54",-0.537,-0.6384,0.2706,-0.4677,-0.9305,-0.9674,-0.8185,-0.9674,0.6871,0.9338,0.0219,-0.5377,-0.9447,-0.4567,0.0074,0.4301,0.5625,"L","Freefall","2019-05-22 08:25:26",-0.9435,-0.9633,-0.9427,-0.945,-0.9637,-0.9674,-0.9674,-0.9668,-0.9506,-0.9641,-0.6476,-0.9673,-0.7407,-0.3506,0,0.0247,0.9753,"L"
"6",6,"adaptive","013c1","Angels","2019-05-22 09:00:05",-0.5588,-0.69,0.2628,-0.6496,-0.7598,-0.9674,-0.9674,-0.9674,0.7334,0.9672,0.0397,-0.9674,-0.9652,0.9674,0.0133,0.3958,0.5909,"L","Windy Day","2019-05-22 08:59:46",-0.3153,-0.4875,-0.0604,-0.3343,-0.3191,-0.9674,-0.9674,-0.9674,-0.39,0.3387,0.0229,-0.4972,0.9666,-0.0877,0.0232,0.6277,0.3491,"M"
"7",7,"adaptive","016c1","Spider Web","2019-05-20 09:12:51",-0.6182,-0.7531,-0.5865,-0.1503,-0.7994,-0.9674,-0.9518,-0.9672,-0.4883,-0.6573,0.7294,-0.2938,-0.9652,0.9617,0.0201,0.3209,0.6591,"L","Freefall","2019-05-20 09:18:06",-0.9444,-0.9634,-0.9257,-0.9538,-0.9668,-0.9674,-0.9674,-0.9658,-0.9228,-0.9316,-0.7969,-0.9673,-0.7434,-0.8661,8.0246e-06,0.0238,0.9762,"L"
"8",8,"adaptive","017c1","Mobile","2019-05-20 09:19:34",-0.6339,-0.7141,-0.2844,-0.54,-0.7825,-0.9672,-0.8462,-0.9655,-0.077,-0.1106,0.4056,-0.9674,-0.9544,0.9674,0.0111,0.3225,0.6664,"L","Seesaw","2019-05-20 09:17:04",-0.1881,-0.3642,0.2486,-0.0768,-0.3475,-0.9674,-0.9674,-0.9433,0.183,0.6101,0.9673,-0.9674,0.2566,0.2673,0.0379,0.7298,0.2323,"M"
"9",9,"adaptive","018c1","Tetherball","2019-05-20 10:02:34",-0.1693,-0.3395,0.534,-0.0667,-0.4965,-0.9674,-0.9674,-0.9674,0.7738,0.9665,0.9673,-0.9674,-0.9203,0.9674,0.0409,0.7432,0.2159,"M","Mr Green","2019-05-20 10:07:07",-0.4041,-0.6256,0.1613,-0.1682,-0.8338,-0.9674,-0.9674,-0.9674,0.0456,0.9663,0.9674,-0.9665,-0.6607,0.0137,0.0102,0.5619,0.4279,"M"
"10",10,"adaptive","020c1","Volcano","2019-05-20 10:10:08",-0.6391,-0.7855,-0.513,-0.2886,-0.8243,-0.9674,-0.9674,-0.9674,-0.3649,-0.5021,0.965,-0.9674,-0.9673,0.9674,0.0059,0.3275,0.6666,"L","Basement Stairs","2019-05-20 10:09:55",-0.7728,-0.8895,-0.7941,-0.3525,-0.9048,-0.9674,-0.9674,-0.9674,-0.7665,-0.8234,0.9673,-0.9674,-0.8986,0.7042,0.0013,0.1986,0.8001,"L"
"11",11,"adaptive","021c1","Timing is Everything","2019-05-22 10:42:19",-0.5649,-0.7017,-0.1184,-0.6416,-0.6167,-0.9674,-0.9673,-0.9674,0.1428,0.1106,0.0724,-0.9674,-0.4375,0.7897,0.0159,0.3842,0.5998,"L","Up in the Air","2019-05-22 10:53:53",-0.9192,-0.9543,-0.9244,-0.8944,-0.9351,-0.9674,-0.9674,-0.9674,-0.9394,-0.9367,0.0054,-0.9674,-0.3818,0.4318,2e-04,0.0496,0.9503,"L"
"12",12,"adaptive","022c1","Break the maze","2019-05-22 10:53:50",-0.5983,-0.7683,-0.4388,-0.2661,-0.807,-0.9674,-0.9674,-0.9674,-0.7889,-0.0834,0.9674,-0.9674,-0.9535,0.9674,0.0039,0.3737,0.6223,"L","Leprechaun","2019-05-22 10:52:30",0.0088,-0.1711,0.4029,0.0035,0.0467,-0.9674,-0.9674,-0.9674,-0.0073,0.9596,0.9674,-0.962,0.3568,0.9434,0.0792,0.8506,0.0701,"M"
"13",13,"adaptive","023c1","Stairs","2019-05-22 10:51:11",-0.5822,-0.7112,0.2357,-0.6797,-0.7737,-0.9674,-0.9674,-0.9674,0.6887,0.9545,-2e-04,-0.9674,-0.9623,0.9673,0.0118,0.3746,0.6136,"L","Green Apple","2019-05-22 10:44:15",-0.7874,-0.8844,-0.7232,-0.5458,-0.8963,-0.9674,-0.9674,-0.9674,-0.8015,-0.6011,0.1751,-0.5635,0.0121,-0.0465,0.0019,0.1823,0.8158,"L"
"14",14,"adaptive","024c1","Collision","2019-05-20 09:57:18",-0.218,-0.3807,0.4144,-0.0775,-0.5398,-0.9674,-0.8932,-0.9674,0.6414,0.7696,0.9669,-0.9412,-0.9528,0.9666,0.036,0.7026,0.2614,"M","Leprechaun","2019-05-20 09:55:58",-0.3788,-0.5925,0.203,-0.1564,-0.8038,-0.9662,-0.9649,-0.9626,0.1395,0.9672,0.9674,-0.9671,-0.6001,-0.0889,0.0133,0.5818,0.4049,"M"
"15",15,"adaptive","025c1","Blocked by Blocks","2019-05-20 10:09:40",-0.3232,-0.5134,0.1897,-0.1359,-0.6333,-0.9674,-0.9674,-0.9674,0.4236,0.4612,0.9674,-0.9674,-0.9669,0.9674,0.0227,0.6204,0.3568,"M","Get Over It!","2019-05-20 10:07:06",-0.2865,-0.4898,0.1874,-0.1182,-0.5612,-0.9674,-0.9659,-0.9674,-0.1834,0.964,0.9674,-0.9674,0.0286,0.1227,0.0223,0.6591,0.3185,"M"
"16",16,"adaptive","026c1","Spiral","2019-05-22 10:54:09",-0.34,-0.4851,0.396,-0.4995,-0.435,-0.9674,-0.9674,-0.9674,0.7087,0.9114,-0.0058,-0.9674,-8e-04,0.5427,0.0316,0.5854,0.383,"M","Flying Brooms","2019-05-22 10:54:43",-0.9359,-0.9608,-0.923,-0.941,-0.953,-0.9674,-0.9674,-0.9674,-0.8447,-0.9632,-0.9485,-0.6882,0.0188,-0.0194,0,0.0325,0.9674,"L"
"17",17,"adaptive","027c1","Fireworks","2019-05-16 10:37:39",-0.9094,-0.9489,-0.8401,-0.8607,-0.9576,-0.9674,-0.9674,-0.9674,-0.6994,-0.8515,0.0479,-0.9569,-0.7354,-0.4825,3e-04,0.0593,0.9404,"L","Cornfield","2019-05-16 10:34:07",-0.9338,-0.9602,-0.9313,-0.9097,-0.9587,-0.9674,-0.9674,-0.9674,-0.9354,-0.9467,-0.3207,-0.8503,-0.1053,-0.3355,0,0.0346,0.9653,"L"
"18",18,"adaptive","029c1","Cosmic Cave","2019-05-22 10:54:41",-0.6619,-0.7876,0.1018,-0.7397,-0.8285,-0.9674,-0.9674,-0.9674,0.2349,0.9544,0.001,-0.9673,-0.9673,0.9651,0.0068,0.3022,0.691,"L","Broken Guitar","2019-05-22 10:53:40",-0.6045,-0.7372,0.0571,-0.6665,-0.7482,-0.9674,-0.9674,-0.9674,0.1889,0.7195,0.0726,-0.9543,0.6522,-0.5386,0.0101,0.3549,0.635,"L"
"19",19,"adaptive","031c1","Fireworks","2019-05-22 10:51:11",-0.7946,-0.8971,0.0859,-0.9453,-0.9384,-0.9674,-0.9674,-0.9674,0.6467,0.9502,-0.943,-0.9568,-0.7185,-0.4645,0.001,0.1766,0.8224,"L","Right Between the Eyes","2019-05-22 10:36:01",-0.9317,-0.9598,-0.9419,-0.8962,-0.9557,-0.9674,-0.9674,-0.9674,-0.9624,-0.9626,0.0146,-0.9674,-0.1715,-0.0799,1e-04,0.0368,0.9632,"L"
"20",20,"adaptive","032c1","Tetherball","2019-05-23 08:54:11",-0.2671,-0.4387,0.4581,-0.1493,-0.5697,-0.9674,-0.9674,-0.9674,0.7542,0.9674,0.2607,-0.2872,-0.0423,0.0288,0.0635,0.5968,0.3397,"M","Freefall","2019-05-23 08:52:49",-0.9294,-0.9583,-0.9218,-0.9138,-0.9504,-0.9674,-0.9674,-0.9674,-0.8736,-0.9542,-0.206,-0.9591,0.942,-0.9583,1e-04,0.0391,0.9608,"L"
"21",21,"adaptive","033c1","Spider Web","2019-05-23 08:35:10",-0.8871,-0.938,-0.8245,-0.7718,-0.957,-0.9674,-0.9626,-0.9674,-0.6864,-0.8401,0.0096,-0.7546,-0.9668,0.086,5e-04,0.0821,0.9174,"L","Cloudy Day","2019-05-23 08:46:29",-0.3601,-0.4157,0.2854,-0.0537,-0.9135,-0.9674,-0.9674,-0.579,0.5247,0.63,0.9605,-0.7528,-0.6965,-0.838,0.0128,0.6023,0.385,"M"
"22",22,"adaptive","035c1","Mobile","2019-05-23 08:55:42",-0.0427,-0.2109,0.6275,0.268,-0.4167,-0.9674,-0.6607,-0.9671,0.7977,0.9652,0.6874,0.0528,-0.9534,0.9425,0.1242,0.7075,0.1683,"M","Tricks","2019-05-23 08:57:49",-0.7032,-0.8262,0.0404,-0.771,-0.861,-0.9674,-0.9674,-0.9669,0.0119,0.9651,-3e-04,-0.9674,0.2647,-0.4065,0.0044,0.2644,0.7313,"L"
"23",23,"adaptive","038c1","Skate Park","2019-05-23 09:06:02",-0.6359,-0.7622,0.2006,-0.7184,-0.8502,-0.9674,-0.9674,-0.9674,0.6862,0.9674,7e-04,-0.9627,-0.9674,0.5578,0.0077,0.3273,0.665,"L","Need for Speed","2019-05-23 09:01:50",-0.8188,-0.9027,-0.4115,-0.8451,-0.9061,-0.9674,-0.9674,-0.9674,-0.0916,-0.2147,-0.083,-0.9242,0.9608,-0.9674,0.0011,0.1513,0.8475,"L"
"24",24,"adaptive","040c1","Little Mermaid","2019-05-14 12:13:19",-0.8483,-0.8486,-0.7514,-0.7375,-0.9287,-0.9636,-0.7065,-0.9666,-0.6256,-0.7847,-0.1188,-0.7301,-0.71,-0.4556,0.0021,0.119,0.879,"L","Freefall","2019-05-16 11:46:20",-0.9452,-0.9636,-0.9268,-0.9602,-0.9659,-0.9674,-0.9674,-0.9651,-0.8693,-0.957,-0.9048,-0.9657,-0.7426,-0.6713,7.1887e-06,0.0229,0.9771,"L"
"25",25,"adaptive","042c1","The Museum","2019-05-20 12:00:39",-0.5972,-0.7505,-0.5338,-0.2645,-0.7331,-0.9674,-0.9674,-0.9674,-0.4124,-0.583,0.9674,-0.9555,-0.7786,0.9674,0.0072,0.3683,0.6245,"L","Pizza Hill","2019-05-20 11:59:34",-0.1344,-0.3161,0.2367,-0.0527,-0.2321,-0.9673,-0.9674,-0.9674,-0.2791,0.8952,0.9674,-0.9674,0.0043,0.7325,0.0385,0.7841,0.1774,"M"
"26",26,"adaptive","043c1","Mobile","2019-05-23 10:55:58",-0.4247,-0.6384,-0.0514,-0.1809,-0.7205,-0.9674,-0.9674,-0.9674,-0.9051,0.855,0.9674,-0.9674,-0.9666,0.9674,0.009,0.5429,0.4481,"M","Seesaw","2019-05-23 10:51:34",-0.0346,-0.2002,0.3811,-0.01,-0.0729,-0.9674,-0.9674,-0.9674,-0.0049,0.9674,0.9674,-0.9674,-7e-04,0.9673,0.0519,0.8604,0.0877,"M"
"27",27,"adaptive","044c1","Lightning","2019-05-23 10:51:55",-0.581,-0.7242,-0.1345,-0.4745,-0.7831,-0.9674,-0.9674,-0.9674,0.1315,0.1114,0.5134,-0.9674,-0.9673,0.9674,0.0099,0.3796,0.6105,"L","Socks","2019-05-23 10:55:28",-0.8453,-0.9312,-0.9137,-0.4848,-0.9311,-0.9674,-0.9674,-0.9674,-0.9673,-0.9334,0.7702,-0.9674,-0.0986,-0.0274,4e-04,0.1255,0.8741,"L"
"28",28,"adaptive","045c1","Break the maze","2019-05-23 10:51:57",-0.1734,-0.3422,0.5392,-0.0682,-0.5127,-0.9674,-0.9674,-0.9674,0.8487,0.9206,0.9674,-0.9674,-0.964,0.9674,0.0401,0.7406,0.2193,"M","Freefall","2019-05-23 10:53:05",0.1324,-0.0941,0.6397,0.4301,-0.0449,-0.9674,-0.9674,-0.9674,0.5239,0.9674,0.9674,0.0805,-0.0146,0.8998,0.1771,0.7827,0.0402,"M"
"29",29,"adaptive","046c1","Work It Up","2019-05-23 10:56:05",-0.571,-0.7462,-0.3308,-0.2817,-0.7966,-0.9674,-0.9674,-0.9674,-0.658,0.1055,0.9061,-0.9674,-0.967,0.9674,0.0051,0.3995,0.5954,"L","Roller coaster","2019-05-23 10:55:07",-0.2614,-0.4561,0.2264,-0.1251,-0.5038,-0.9674,-0.9674,-0.9674,-0.0591,0.9598,0.9288,-0.9667,0.3236,-0.0784,0.0261,0.6775,0.2964,"M"
"30",30,"adaptive","047c1","Collision","2019-05-20 11:48:04",-0.1487,-0.2888,0.5597,-0.0436,-0.4681,-0.9674,-0.8086,-0.9674,0.7749,0.9553,0.9674,-0.9392,-0.9199,0.9668,0.0451,0.756,0.1989,"M","Seesaw","2019-05-20 11:51:41",-0.458,-0.6752,0.045,-0.2038,-0.8537,-0.9674,-0.9664,-0.967,-0.0372,0.7245,0.9482,-0.9674,-0.2025,-0.469,0.0076,0.5114,0.481,"M"
"31",31,"adaptive","049c1","Tetherball","2019-05-20 11:55:05",-0.8013,-0.8901,-0.357,-0.8307,-0.898,-0.9674,-0.9674,-0.9674,-0.5101,0.2782,8e-04,-0.9674,-0.9562,0.9671,0.0017,0.1682,0.8301,"L","Freefall","2019-05-20 11:49:55",-0.4182,-0.6344,0.0692,-0.1767,-0.7887,-0.9674,-0.9674,-0.9674,-0.0268,0.7203,0.9674,-0.9674,-0.3167,-0.1183,0.0106,0.5466,0.4428,"M"
"32",32,"adaptive","052c1","Collision","2019-05-20 11:55:25",-0.4079,-0.5421,0.3696,-0.4248,-0.6558,-0.9674,-0.9118,-0.9674,0.7297,0.9653,0.3439,-0.9258,-0.9563,0.9657,0.0244,0.5295,0.446,"M","Roller coaster","2019-05-20 11:54:23",-0.2017,-0.3845,0.0679,-0.0806,-0.2752,-0.9674,-0.9636,-0.9352,0.0153,0.2161,0.9673,-0.9592,-0.1399,0.8903,0.0365,0.7186,0.245,"M"
"33",33,"adaptive","053c1","Collision","2019-05-20 11:44:27",-0.147,-0.2861,0.5668,-0.0464,-0.4662,-0.9674,-0.8081,-0.9674,0.7829,0.9674,0.9674,-0.9498,-0.9197,0.9674,0.0447,0.7586,0.1967,"M","Socks","2019-05-17 12:35:02",-0.3997,-0.6088,0.1951,-0.1644,-0.8539,-0.9674,-0.9656,-0.9552,0.2319,0.8878,0.9674,-0.9667,-0.6441,-0.3787,0.0107,0.5655,0.4238,"M"
"34",34,"adaptive","056c1","Volcano","2019-05-17 12:19:11",-0.8613,-0.8633,-0.7662,-0.7714,-0.9335,-0.9674,-0.7187,-0.9674,-0.6379,-0.7958,-0.2555,-0.7539,-0.7143,-0.4601,0.0018,0.1061,0.8921,"L","Cornfield","2019-05-20 11:58:34",-0.8827,-0.9127,-0.8073,-0.7574,-0.9656,-0.9674,-0.9674,-0.8849,-0.6721,-0.8274,-0.0325,-0.7439,-0.7424,-0.9585,4e-04,0.0868,0.9128,"L"
"35",35,"adaptive","059c1","Collision","2019-05-20 11:52:00",-0.702,-0.8069,0.1592,-0.7631,-0.9528,-0.9674,-0.9191,-0.9674,0.6752,0.9673,-0.0033,-0.9672,-0.9612,-0.4779,0.0022,0.27,0.7279,"L","Seesaw","2019-05-20 11:58:22",-0.9385,-0.9619,-0.9396,-0.909,-0.9665,-0.9674,-0.9674,-0.9656,-0.9342,-0.9657,-0.0488,-0.9602,-0.0482,-0.9575,0,0.0299,0.9701,"L"
"36",36,"adaptive","060c1","Lightning","2019-05-23 10:54:42",-0.5496,-0.7281,-0.3288,-0.245,-0.7782,-0.9674,-0.9674,-0.9674,-0.7556,0.1561,0.9623,-0.9674,-0.9519,0.9674,0.0061,0.4195,0.5743,"L","Dominos","2019-05-23 10:54:55",-0.2475,-0.4451,0.214,-0.1014,-0.485,-0.9674,-0.9674,-0.9674,-0.1565,0.9589,0.9674,-0.9674,0.2032,0.0756,0.0265,0.6912,0.2823,"M"
"37",37,"adaptive","061c1","Break the maze","2019-05-23 10:52:04",-0.7234,-0.8411,-0.0392,-0.7842,-0.8659,-0.9674,-0.9674,-0.9674,-0.2062,0.8772,1e-04,-0.9674,-0.9674,0.9674,0.0036,0.245,0.7514,"L","Freefall","2019-05-23 10:52:29",-0.7305,-0.8473,-0.0584,-0.7888,-0.8695,-0.9674,-0.9674,-0.9674,-0.387,0.9,0.0011,-0.9674,-0.0446,0.0439,0.0033,0.2384,0.7583,"L"
"38",38,"adaptive","065c1","Spring","2019-05-17 13:39:04",-0.4752,-0.6582,-0.1636,-0.2051,-0.736,-0.9674,-0.9462,-0.9674,-0.4716,0.3458,0.9674,-0.9673,-0.9645,0.9674,0.0098,0.4892,0.501,"L","Broken Guitar","2019-05-17 13:49:45",-0.4144,-0.6328,0.1182,-0.1732,-0.8216,-0.9674,-0.9674,-0.9582,-0.0071,0.8875,0.9674,-0.9674,-0.6157,-0.0653,0.0103,0.5511,0.4387,"M"
"39",39,"adaptive","066c1","Collision","2019-05-20 13:21:50",-0.169,-0.3242,0.5352,-0.0615,-0.4999,-0.9674,-0.8867,-0.9674,0.7668,0.9521,0.9674,-0.9605,-0.9516,0.9674,0.0408,0.7437,0.2155,"M","Cloudy Day","2019-05-17 13:53:47",-0.6415,-0.7874,-0.3308,-0.3646,-0.8975,-0.9674,-0.9674,-0.918,-0.1027,-0.1977,0.7915,-0.9667,-0.6825,-0.1202,0.003,0.3309,0.6661,"L"
"40",40,"adaptive","067c1","Collision","2019-05-20 13:19:05",-0.2822,-0.4409,0.3517,-0.167,-0.5829,-0.9674,-0.9002,-0.9674,0.6059,0.7327,0.847,-0.9674,-0.9541,0.9674,0.0295,0.6492,0.3212,"M","Socks","2019-05-17 13:54:53",-0.3382,-0.4662,0.372,-0.1193,-0.8755,-0.9674,-0.9674,-0.7854,0.6677,0.871,0.9674,-0.9673,-0.6631,-0.6512,0.012,0.6264,0.3616,"M"
"41",41,"adaptive","068c1","Lollipop","2019-05-20 13:32:56",-0.2529,-0.434,0.3535,-0.1034,-0.5779,-0.9674,-0.9674,-0.9674,0.5933,0.7078,0.9674,-0.9657,-0.9673,0.9674,0.0307,0.6771,0.2921,"M","Freefall","2019-05-20 13:21:46",-0.3416,-0.5531,0.1863,-0.1418,-0.6941,-0.9674,-0.9674,-0.9673,-0.0232,0.9648,0.9674,-0.9674,-0.2131,0.025,0.0169,0.613,0.37,"M"
"42",42,"adaptive","072c1","Skate Park","2019-05-20 13:31:16",-0.6787,-0.7672,0.1789,-0.7281,-0.9469,-0.9674,-0.8657,-0.9674,0.6737,0.9545,0.0157,-0.9579,-0.948,-0.4722,0.0028,0.2928,0.7044,"L","Seesaw","2019-05-20 13:32:19",-0.5322,-0.5423,0.3351,-0.5962,-0.8052,-0.9674,-0.9596,-0.5823,0.7983,0.935,-0.0341,-0.9667,-0.0296,-0.5565,0.0114,0.4271,0.5615,"L"
"43",43,"adaptive","073c1","Laundry Day","2019-05-20 13:35:29",-0.9149,-0.9514,-0.883,-0.8928,-0.9407,-0.9674,-0.9674,-0.9674,-0.7588,-0.9245,0.0034,-0.9671,-0.9345,0.9655,2e-04,0.0538,0.946,"L","Freefall","2019-05-20 13:33:33",-0.9059,-0.9476,-0.8962,-0.8897,-0.9185,-0.9673,-0.9674,-0.9674,-0.8128,-0.9387,-0.0038,-0.9668,0.4031,-0.2894,3e-04,0.063,0.9367,"L"
"44",44,"adaptive","074c1","Mobile","2019-05-20 13:28:05",-0.3986,-0.5651,0.3589,-0.2153,-0.8419,-0.9674,-0.9654,-0.9674,0.728,0.9673,0.3318,-0.3359,-0.9674,0.1629,0.0305,0.5271,0.4425,"M","Seesaw","2019-05-20 13:21:25",-0.8966,-0.9433,-0.7139,-0.8854,-0.957,-0.9674,-0.9674,-0.9668,-0.7486,-0.4799,-0.0022,-0.9667,-0.0302,-0.7127,3e-04,0.0726,0.9271,"L"
"45",45,"adaptive","077c1","Laundry Day","2019-05-20 13:30:23",-0.1981,-0.3802,0.4311,-0.0383,-0.5284,-0.9674,-0.9674,-0.9674,0.6587,0.7947,0.9674,-0.8386,-0.9369,0.9667,0.0439,0.7074,0.2487,"M","Leprechaun","2019-05-20 13:23:15",-0.1947,-0.187,0.4936,0.0153,-0.6192,-0.2783,-0.9674,-0.9674,0.4635,0.9658,0.9674,-0.8124,-0.6712,0.2519,0.0365,0.7258,0.2377,"M"
"46",46,"adaptive","078c1","Collision","2019-05-20 13:25:22",-0.1772,-0.3413,0.5278,-0.0665,-0.5176,-0.9674,-0.9277,-0.9674,0.7688,0.9598,0.9667,-0.9606,-0.9623,0.9519,0.0395,0.7378,0.2227,"M","Mr Green","2019-05-20 13:37:41",-0.485,-0.6744,-0.0492,-0.2643,-0.78,-0.9674,-0.9674,-0.9607,-0.0672,0.4217,0.8482,-0.9674,-0.5797,0.1174,0.0115,0.4757,0.5128,"L"
"47",47,"adaptive","080c1","Wavy","2019-05-17 13:58:41",-0.6474,-0.7678,-0.6084,-0.2359,-0.8102,-0.9674,-0.9379,-0.9674,-0.5065,-0.6739,0.618,-0.3566,-0.961,0.9652,0.0183,0.2942,0.6875,"L","Cloudy Day","2019-05-17 13:58:08",-0.2714,-0.3229,0.4913,-0.0736,-0.8051,-0.9674,-0.9674,-0.5218,0.7428,0.9282,0.9514,-0.932,-0.6011,-0.4767,0.0197,0.68,0.3003,"M"
"48",48,"adaptive","081c1","Blocked by Blocks","2019-05-20 13:28:53",-0.5964,-0.7224,0.2079,-0.6784,-0.7968,-0.9674,-0.9577,-0.9674,0.657,0.908,0.0275,-0.9646,-0.9131,0.6627,0.0109,0.3617,0.6274,"L","Kind Cloud","2019-05-20 13:29:41",-0.5246,-0.7009,-0.3634,-0.1104,-0.7718,-0.9674,-0.9674,-0.9573,-0.0533,-0.4553,0.9393,-0.5559,-0.1652,0.0768,0.0121,0.4334,0.5544,"L"
"49",49,"adaptive","083c1","Tetherball","2019-05-20 13:19:35",-0.2869,-0.28,0.5253,-0.1981,-0.6729,-0.9674,-0.2331,-0.9673,0.7718,0.9673,0.0478,-0.3409,-0.4865,-0.22,0.0393,0.6248,0.3359,"M","Seesaw","2019-05-20 13:20:59",-0.9309,-0.9591,-0.9257,-0.9051,-0.9558,-0.9673,-0.9674,-0.9674,-0.8922,-0.9544,-0.0326,-0.9674,0.1533,-0.4778,1e-04,0.0376,0.9623,"L"
"50",50,"adaptive","084c1","Collision","2019-05-20 13:19:19",-0.3224,-0.507,0.2007,-0.1349,-0.6388,-0.9674,-0.9485,-0.9674,0.4357,0.4802,0.9653,-0.966,-0.9656,0.9201,0.0229,0.6208,0.3562,"M","Perfect Toss","2019-05-17 14:01:44",-0.5398,-0.6854,0.2158,-0.432,-0.9525,-0.9674,-0.9674,-0.9154,0.5352,0.933,0.0548,-0.4874,-0.7308,-0.9374,0.0044,0.4332,0.5624,"L"
"51",51,"adaptive","085c1","UFO2","2019-05-20 13:19:11",-0.7132,-0.8372,-0.6876,-0.3078,-0.8614,-0.9674,-0.9567,-0.9674,-0.5724,-0.7377,0.9661,-0.9203,-0.9658,0.9592,0.0044,0.254,0.7416,"L","Roller coaster","2019-05-17 13:37:34",-0.4277,-0.6358,0.1276,-0.1782,-0.8637,-0.9674,-0.9674,-0.9548,0.1774,0.7429,0.9674,-0.9674,-0.6527,-0.357,0.0091,0.5396,0.4513,"M"
"52",52,"adaptive","086c1","Collision","2019-05-20 13:28:48",-0.3283,-0.5165,0.1749,-0.136,-0.6362,-0.9674,-0.9584,-0.9674,0.406,0.4359,0.9674,-0.9616,-0.9668,0.967,0.0224,0.6158,0.3618,"M","Freefall","2019-05-20 13:30:48",-0.1577,-0.3371,0.4558,-0.0599,-0.4037,-0.9674,-0.9674,-0.9233,0.4869,0.9669,0.9674,-0.9519,-0.2524,0.498,0.0558,0.7255,0.2188,"M"
"53",53,"adaptive","087c1","Spiral","2019-05-20 14:24:20",-0.574,-0.747,-0.4204,-0.2545,-0.7717,-0.9674,-0.9674,-0.9674,-0.8971,-0.0012,0.9674,-0.9674,-0.8986,0.9674,0.0045,0.3977,0.5978,"L","Green Apple","2019-05-20 14:20:36",-0.2548,-0.4592,0.2373,-0.0644,-0.549,-0.9633,-0.9674,-0.9674,-0.0081,0.9664,0.9674,-0.8384,-0.7964,0.9255,0.0305,0.6755,0.2939,"M"
"54",54,"adaptive","090c1","Lollipop","2019-05-20 14:24:43",-0.1586,-0.3201,0.4386,0.0534,-0.487,-0.9674,-0.8151,-0.9674,0.6288,0.7313,0.9674,-0.6335,-0.9262,0.9674,0.0595,0.7171,0.2234,"M","Seesaw","2019-05-20 14:24:07",-0.2186,-0.4162,0.3139,-0.0291,-0.5219,-0.966,-0.9673,-0.9606,0.1688,0.9576,0.9674,-0.7805,0.1365,-0.0221,0.0394,0.6952,0.2654,"M"
"55",55,"adaptive","091c1","Cosmic Cave","2019-05-24 10:55:55",-0.5558,-0.7011,-0.1005,-0.6006,-0.6374,-0.9674,-0.9674,-0.9674,0.1831,0.1076,0.1765,-0.9674,-0.5836,0.9674,0.0099,0.4056,0.5845,"L","Blocked","2019-05-24 10:42:20",-0.8708,-0.9324,-0.898,-0.8291,-0.869,-0.9674,-0.9674,-0.9674,-0.9452,-0.8998,0.0885,-0.9661,-0.0792,0.3932,6e-04,0.0987,0.9007,"L"
"56",56,"adaptive","093c1","Through the Cracks","2019-05-24 10:59:56",-0.396,-0.6036,0.0147,-0.168,-0.695,-0.9674,-0.9674,-0.9674,0.0193,0.4134,0.9674,-0.9674,-0.9631,0.9674,0.0127,0.5652,0.422,"M","Pizza Hill","2019-05-24 10:58:31",-0.3352,-0.5256,0.0658,-0.5145,-0.3115,-0.9674,-0.9674,-0.9674,-0.133,0.596,1e-04,-0.9674,0.4631,0.5304,0.0208,0.6119,0.3673,"M"
"57",57,"adaptive","095c1","Spring","2019-05-24 10:31:47",-0.8564,-0.9184,-0.7217,-0.8611,-0.8869,-0.9674,-0.9674,-0.9674,-0.857,-0.4612,-2e-04,-0.9674,-0.8167,0.9644,9e-04,0.1129,0.8861,"L","Perfect Toss","2019-05-24 10:18:04",-0.7717,-0.8858,0.0032,-0.8175,-0.9523,-0.9674,-0.9674,-0.9674,-0.0071,0.9667,0.0063,-0.9672,-0.07,-0.8448,0.0011,0.2002,0.7988,"L"
"58",58,"adaptive","096c1","Collision","2019-05-20 14:16:04",-0.5413,-0.6431,0.2693,-0.4832,-0.9319,-0.9674,-0.8202,-0.9674,0.69,0.9398,0.0091,-0.5757,-0.945,-0.458,0.0059,0.4286,0.5654,"L","Twin Peaks","2019-05-17 14:27:33",-0.9219,-0.9497,-0.8658,-0.897,-0.9582,-0.9674,-0.9674,-0.9281,-0.6932,-0.9054,-0.0112,-0.9669,-0.7358,-0.0578,1e-04,0.0468,0.9531,"L"
"59",59,"adaptive","097c1","Blocked by Blocks","2019-05-20 14:23:52",-0.1165,-0.2939,0.5691,0.0233,-0.4351,-0.9674,-0.9674,-0.9674,0.7814,0.9632,0.9674,-0.7616,-0.84,0.9674,0.0616,0.7565,0.182,"M","Kind Cloud","2019-05-20 14:25:12",-0.1735,-0.3439,0.5322,-0.0684,-0.5076,-0.9674,-0.9672,-0.9674,0.7838,0.9617,0.9672,-0.9674,7e-04,0.0138,0.04,0.7407,0.2193,"M"
"60",60,"adaptive","098c1","Not too Far","2019-05-24 10:57:08",-0.659,-0.8089,-0.511,-0.3563,-0.8412,-0.9674,-0.9674,-0.9674,-0.9598,-0.0648,0.8431,-0.9674,-0.9674,0.9674,0.0028,0.3132,0.684,"L","St. Patrick's Day","2019-05-24 11:00:43",-0.1101,-0.2902,0.268,-0.1369,-0.1204,-0.9674,-0.9674,-0.9674,-0.1217,0.832,0.7033,-0.9674,0.6789,0.3362,0.0428,0.8006,0.1566,"M"
"61",61,"adaptive","100c1","Glacier View","2019-05-24 10:58:56",-0.4131,-0.6097,0.0286,-0.2115,-0.6983,-0.9674,-0.9674,-0.9674,0.2623,0.2566,0.8896,-0.9674,-0.951,0.9541,0.0136,0.5459,0.4406,"M","Socks","2019-05-24 10:57:30",-0.4141,-0.6145,-0.0385,-0.1815,-0.6897,-0.9674,-0.9674,-0.9674,-0.1212,0.3907,0.9585,-0.9674,-0.0494,0.0849,0.0125,0.5469,0.4406,"M"
"62",62,"adaptive","101c1","Spiral","2019-05-24 10:58:07",-0.3553,-0.5579,-0.072,-0.1517,-0.5558,-0.9674,-0.9674,-0.9674,0.0453,0.0213,0.9633,-0.9674,-0.6757,0.9674,0.0129,0.607,0.3801,"M","Flying Brooms","2019-05-24 10:59:02",-0.7519,-0.861,-0.7308,-0.7988,-0.7025,-0.9674,-0.9674,-0.9674,-0.9522,-0.5663,4e-04,-0.9615,-0.0335,0.8521,0.0022,0.2183,0.7795,"L"
"63",63,"adaptive","103c1","Laundry Day","2019-05-24 10:58:01",-0.5504,-0.6831,0.26,-0.6305,-0.7555,-0.9674,-0.9674,-0.9674,0.698,0.9599,0.0789,-0.9668,-0.9672,0.9671,0.0138,0.4033,0.5828,"L","Tricks","2019-05-24 10:55:44",-0.8751,-0.9434,-0.93,-0.9231,-0.8112,-0.967,-0.9674,-0.9674,-0.9667,-0.96,-0.6571,-0.906,0.1846,0.5858,3e-04,0.0948,0.9049,"L"
"64",64,"adaptive","425c1","Spider Web","2019-05-17 09:23:47",-0.8325,-0.8999,-0.7757,-0.6777,-0.9101,-0.9674,-0.9603,-0.9674,-0.6458,-0.8027,0.1003,-0.6854,-0.9663,0.9397,0.0037,0.1321,0.8642,"L","Twin Peaks","2019-05-20 09:15:12",-0.9122,-0.934,-0.7056,-0.9427,-0.9636,-0.9674,-0.9674,-0.898,-0.5074,-0.6103,-0.774,-0.967,-0.7407,-0.7616,2e-04,0.0568,0.943,"L"
"65",65,"linear","107c2","Timing is Everything","2019-05-22 08:55:03",-0.4904,-0.6543,-0.2409,-0.1956,-0.7332,-0.9674,-0.8867,-0.9673,-0.3572,-0.0156,0.9674,-0.9297,-0.9425,0.9609,0.0069,0.4793,0.5138,"L","Diving Board","2019-05-22 08:41:22",-0.0107,-0.0247,0.2159,0.338,-0.1092,-0.9674,-0.9674,0.0734,-0.8281,0.954,0.9674,-0.0783,-0.152,0.8744,0.0863,0.8162,0.0974,"M"
"66",66,"linear","108c2","Wavy","2019-05-22 08:33:07",-0.459,-0.5934,-0.4078,0.0965,-0.6678,-0.9674,-0.8049,-0.9674,-0.3395,-0.5172,0.9302,-0.1013,-0.8873,0.9665,0.0387,0.448,0.5132,"L","Roller coaster","2019-05-22 08:34:04",-0.1736,-0.2419,0.5744,0.0151,-0.6325,-0.9674,-0.9674,-0.4719,0.7821,0.9619,0.9664,-0.7877,-0.4501,-0.036,0.0445,0.7315,0.224,"M"
"67",67,"linear","110c2","Wavy","2019-05-20 09:37:55",-0.7668,-0.8546,-0.7175,-0.5188,-0.875,-0.9674,-0.9577,-0.9674,-0.5974,-0.758,0.2888,-0.5673,-0.9659,0.9647,0.0088,0.1898,0.8014,"L","Cloudy Day","2019-05-20 09:29:17",-0.0861,-0.1888,0.6168,-0.1361,-0.1786,-0.9674,-0.9673,-0.4392,0.7802,0.9366,0.1365,-0.5047,-0.0576,0.7972,0.0854,0.7401,0.1745,"M"
"68",68,"linear","111c2","Lollipop","2019-05-20 09:19:45",-0.8133,-0.8999,-0.9068,-0.3678,-0.9099,-0.9674,-0.9142,-0.9674,-0.9674,-0.9521,0.9674,-0.9674,-0.9624,0.9674,6e-04,0.1581,0.8413,"L","Seesaw","2019-05-20 09:16:01",-0.1018,-0.1346,0.1328,-0.0058,-0.1255,-0.9674,-0.9547,-0.347,-0.958,0.9669,0.9674,-0.9477,-0.1356,0.9631,0.0291,0.8366,0.1343,"M"
"69",69,"linear","112c2","Little Mermaid","2019-05-17 09:18:03",-0.9352,-0.96,-0.8574,-0.9481,-0.9666,-0.9674,-0.9639,-0.9674,-0.7138,-0.8641,-0.9199,-0.8781,-0.9669,-0.4909,0,0.0332,0.9667,"L","On the Upswing","2019-05-20 09:04:29",-0.9239,-0.9434,-0.843,-0.9087,-0.9665,-0.9674,-0.9674,-0.9039,-0.7018,-0.8537,-0.6868,-0.6734,-0.7431,-0.9378,1e-04,0.0449,0.9551,"L"
"70",70,"linear","114c2","Broken Heart","2019-05-22 08:50:28",-0.8276,-0.9126,-0.8611,-0.4827,-0.9149,-0.9674,-0.942,-0.9672,-0.92,-0.8312,0.7508,-0.9674,-0.9579,0.9673,6e-04,0.1434,0.856,"L","Socks","2019-05-22 08:50:17",-0.1785,-0.2771,0.2246,-0.0575,-0.3092,-0.5652,-0.965,-0.9637,-0.0106,0.6519,0.9674,-0.9674,-0.1699,0.6653,0.0424,0.7307,0.2269,"M"
"71",71,"linear","115c2","Broken Heart","2019-05-22 08:55:50",-0.6495,-0.7649,-0.4063,-0.4541,-0.8124,-0.9674,-0.9525,-0.9674,-0.2245,-0.2983,0.6299,-0.9674,-0.9653,0.9662,0.0091,0.3105,0.6805,"L","Socks","2019-05-22 08:55:09",-0.1342,-0.2067,0.6071,-0.0344,-0.4716,-0.9674,-0.9674,-0.4502,0.7935,0.9673,0.9674,-0.9674,-0.3107,0.2669,0.052,0.7574,0.1907,"M"
"72",72,"linear","117c2","Cosmic Cave","2019-05-17 09:40:33",-0.4229,-0.5622,-0.1384,-0.1679,-0.6574,-0.9674,-0.7933,-0.9674,-0.0454,-0.0549,0.9674,-0.9674,-0.8856,0.9674,0.0088,0.5453,0.4459,"M","Green Apple","2019-05-20 09:18:54",-0.392,-0.5849,-0.1288,-0.1681,-0.5877,-0.9668,-0.9662,-0.9671,-0.8369,0.548,0.9674,-0.9674,0.1439,0.0769,0.0132,0.5684,0.4184,"M"
"73",73,"linear","120c2","Spider Web","2019-05-20 09:17:23",-0.8478,-0.9038,-0.7849,-0.7329,-0.9117,-0.9674,-0.9401,-0.9658,-0.6535,-0.8097,0.0211,-0.7264,-0.9576,0.9646,0.0023,0.119,0.8787,"L","Cloudy Day","2019-05-20 09:20:00",-0.1734,-0.24,0.5637,-0.0444,-0.5582,-0.9674,-0.9669,-0.4707,0.7648,0.9337,0.9674,-0.9595,-0.3857,0.136,0.0424,0.7361,0.2216,"M"
"74",74,"linear","121c2","Shelves","2019-05-22 08:57:26",-0.711,-0.8135,-0.7085,-0.317,-0.8397,-0.9674,-0.8891,-0.9674,-0.6084,-0.7954,0.9664,-0.9674,-0.9285,0.9672,0.0034,0.2583,0.7383,"L","Frog","2019-05-22 08:55:47",-0.0484,-0.1176,0.6534,-0.005,-0.2398,-0.9674,-0.9668,-0.3234,0.7827,0.922,0.9654,-0.9652,-0.1101,0.5961,0.0771,0.7957,0.1272,"M"
"75",75,"linear","122c2","Spiral","2019-05-20 09:18:54",-0.4814,-0.6616,-0.2242,-0.2058,-0.719,-0.9623,-0.9311,-0.9674,-0.3086,-0.0054,0.9674,-0.9674,-0.9051,0.9674,0.0069,0.4886,0.5045,"L","Pizza Hill","2019-05-20 09:16:55",-0.4088,-0.6149,-0.0304,-0.1687,-0.7035,-0.9586,-0.9673,-0.9524,-0.9056,0.8893,0.9674,-0.958,-0.9575,0.9671,0.0098,0.5578,0.4324,"M"
"76",76,"linear","124c2","Tetherball","2019-05-20 09:19:53",-0.5399,-0.6915,-0.3041,-0.2533,-0.7587,-0.9674,-0.8947,-0.9674,-0.8224,0.2141,0.9221,-0.9672,-0.9446,0.9669,0.0061,0.4297,0.5642,"L","Freefall","2019-05-20 09:19:11",-0.5644,-0.7518,-0.2796,-0.2482,-0.8459,-0.9674,-0.9643,-0.9671,-0.8257,0.3749,0.967,-0.9674,-0.6374,-0.002,0.0053,0.4061,0.5887,"L"
"77",77,"linear","126c2","Spiral","2019-05-22 10:54:31",-0.5308,-0.7121,-0.2902,-0.2309,-0.7745,-0.9674,-0.9468,-0.9674,-0.4512,-0.0114,0.9674,-0.9674,-0.9657,0.9674,0.0053,0.4408,0.5539,"L","Pizza Hill","2019-05-22 10:54:09",-0.1671,-0.3627,-0.0701,-0.0643,-0.1743,-0.9674,-0.9674,-0.9664,-0.967,0.4058,0.9674,-0.9674,-0.0092,0.9668,0.0211,0.785,0.1939,"M"
"78",78,"linear","127c2","Spider Web","2019-05-22 10:51:52",-0.853,-0.9142,-0.7942,-0.7223,-0.9234,-0.9674,-0.9612,-0.9667,-0.6612,-0.817,0.0503,-0.7186,-0.9664,0.8743,0.002,0.1142,0.8838,"L","Sunny Day","2019-05-22 10:52:42",-0.1317,-0.2372,0.2974,-0.0206,-0.2065,-0.9674,-0.9663,-0.469,0.3899,0.3836,0.9297,-0.8475,-0.0817,0.8177,0.0773,0.7092,0.2135,"M"
"79",79,"linear","128c2","Not too Far","2019-05-20 10:16:33",-0.6042,-0.7607,-0.4559,-0.2655,-0.8082,-0.9674,-0.937,-0.9672,-0.966,-0.0143,0.9674,-0.9651,-0.961,0.9674,0.0036,0.3683,0.6281,"L","Up in the Air","2019-05-20 10:15:51",-0.3467,-0.4221,-0.1064,-0.1228,-0.5092,-0.6962,-0.9644,-0.8258,-0.8969,0.4763,0.9674,-0.9644,-0.6077,0.8651,0.0138,0.614,0.3722,"M"
"80",80,"linear","129c2","Break the maze","2019-05-22 10:50:59",-0.9117,-0.9494,-0.8467,-0.8908,-0.9455,-0.9674,-0.9632,-0.9674,-0.9671,-0.6726,0.0041,-0.9674,-0.9667,0.9674,2e-04,0.0572,0.9426,"L","St. Patrick's Day","2019-05-22 10:43:12",-0.4348,-0.6581,0.0926,-0.1832,-0.8505,-0.9674,-0.9674,-0.9674,-0.0223,0.852,0.9674,-0.9674,-0.641,-0.1924,0.0084,0.5338,0.4578,"M"
"81",81,"linear","132c2","Pipes","2019-05-22 10:54:07",-0.6072,-0.7737,-0.4517,-0.2697,-0.8167,-0.9669,-0.9612,-0.9674,-0.9542,0.0073,0.9674,-0.9674,-0.9674,0.9674,0.0035,0.3653,0.6312,"L","Get Over It!","2019-05-22 10:53:49",-0.0475,-0.0964,0.2665,0.0035,-0.0503,-0.3795,-0.9275,-0.9616,-0.5307,0.9673,0.9674,-0.9674,-0.0114,0.9674,0.0411,0.8687,0.0902,"M"
"82",82,"linear","133c2","Lollipop","2019-05-20 10:09:43",-0.5295,-0.6878,-0.3024,-0.2259,-0.7634,-0.9674,-0.8933,-0.9674,-0.5453,-5e-04,0.9674,-0.9674,-0.9639,0.9674,0.0054,0.442,0.5527,"L","Seesaw","2019-05-20 09:58:53",-0.0982,-0.2416,0.114,-0.0271,-0.1141,-0.8202,-0.967,-0.9174,-0.9527,0.9648,0.9674,-0.9674,-0.0288,0.9669,0.0293,0.84,0.1308,"M"
"83",83,"linear","134c2","Fireworks","2019-05-22 10:53:20",-0.5775,-0.755,-0.3853,-0.2557,-0.8026,-0.9674,-0.9674,-0.9674,-0.7002,-0.026,0.9672,-0.9674,-0.9672,0.9674,0.0042,0.3946,0.6012,"L","Under the Candlestick","2019-05-22 10:53:08",-0.1383,-0.328,0.0788,-0.0498,-0.185,-0.9674,-0.9674,-0.9674,-0.9176,0.8901,0.9674,-0.9627,0.2608,0.6003,0.0273,0.8024,0.1703,"M"
"84",84,"linear","135c2","Timing is Everything","2019-05-22 10:51:26",-0.4362,-0.6196,-0.3431,-0.1901,-0.5514,-0.9674,-0.9674,-0.9674,-0.9657,-0.0016,0.9674,-0.9674,-0.5423,0.9674,0.0088,0.5315,0.4597,"M","Green Apple","2019-05-22 10:52:47",-0.1104,-0.2985,0.0693,-0.027,-0.1297,-0.9674,-0.9674,-0.9674,-0.9531,0.8417,0.9674,-0.9317,-0.0158,0.9672,0.0286,0.8287,0.1427,"M"
"85",85,"linear","136c2","Tetherball","2019-05-20 10:05:21",-0.2155,-0.3783,0.4468,-0.0943,-0.5432,-0.9674,-0.893,-0.9674,0.5712,0.9597,0.9441,-0.9674,-0.9529,0.9492,0.0343,0.7086,0.2571,"M","Mr Green","2019-05-20 10:09:46",-0.2213,-0.3607,0.2823,-0.075,-0.4599,-0.9673,-0.7756,-0.8914,0.0014,0.9674,0.9674,-0.951,-0.3009,0.4464,0.0388,0.6936,0.2676,"M"
"86",86,"linear","137c2","Blocked by Blocks","2019-05-22 10:53:36",-0.6688,-0.8187,-0.58,-0.3044,-0.8475,-0.9674,-0.9674,-0.9674,-0.9612,-0.25,0.9602,-0.9674,-0.9674,0.9674,0.0026,0.3034,0.694,"L","Blocked","2019-05-22 10:53:18",-0.5224,-0.7038,-0.2847,-0.2277,-0.7586,-0.9674,-0.9674,-0.9527,-0.9465,0.3511,0.9674,-0.9674,-0.9356,0.9626,0.0062,0.4477,0.5462,"L"
"87",87,"linear","138c2","Not too Far","2019-05-23 09:03:20",-0.6122,-0.7798,-0.461,-0.2726,-0.8203,-0.9674,-0.9663,-0.9674,-0.9667,0,0.9674,-0.9674,-0.9674,0.9674,0.0034,0.3604,0.6362,"L","Seesaw","2019-05-23 09:03:55",-0.2111,-0.4058,0.0341,-0.0836,-0.3178,-0.9674,-0.9674,-0.9617,-0.9674,0.8826,0.9674,-0.9674,-0.3205,0.9674,0.0213,0.7392,0.2395,"M"
"88",88,"linear","139c2","Spider Web","2019-05-23 08:56:19",-0.1849,-0.3896,0.1815,0.2992,-0.5307,-0.9674,-0.9661,-0.9674,0.3081,0.3078,0.9674,0.0697,-0.9674,0.9674,0.0932,0.6225,0.2844,"M","Sunny Day","2019-05-23 08:57:40",-0.2193,-0.2746,0.5461,-0.0447,-0.7068,-0.9674,-0.9674,-0.4921,0.7755,0.9635,0.9674,-0.9228,-0.5145,-0.1443,0.0282,0.7169,0.2549,"M"
"89",89,"linear","140c2","Mobile","2019-05-23 09:06:05",-0.458,-0.666,-0.1246,-0.1968,-0.7402,-0.9674,-0.9671,-0.9674,-0.018,0.0601,0.9674,-0.9674,-0.9674,0.9674,0.0075,0.5117,0.4808,"M","Seesaw","2019-05-23 09:05:13",-0.295,-0.493,0.2144,-0.1202,-0.6003,-0.9674,-0.9674,-0.9436,-0.0128,0.9674,0.9674,-0.9674,-0.8581,0.9162,0.0216,0.6519,0.3265,"M"
"90",90,"linear","141c2","Stairs","2019-05-17 09:26:05",-0.8907,-0.9374,-0.825,-0.8156,-0.9452,-0.9674,-0.9625,-0.9673,-0.6868,-0.8402,-0.2364,-0.7854,-0.9667,0.5773,7e-04,0.078,0.9213,"L","On the Upswing","2019-05-17 09:01:45",-0.9208,-0.9409,-0.8401,-0.9046,-0.9629,-0.9674,-0.9674,-0.9023,-0.6994,-0.8514,-0.6523,-0.6848,-0.74,-0.6693,1e-04,0.0479,0.9519,"L"
"91",91,"linear","142c2","Cosmic Cave","2019-05-17 09:43:36",-0.3061,-0.4946,0.2055,-0.1229,-0.6213,-0.9674,-0.9063,-0.9674,-0.0145,0.9436,0.9674,-0.9674,-0.9553,0.9666,0.0203,0.6429,0.3368,"M","Diving Board","2019-05-17 09:47:33",-0.0913,-0.252,0.3228,-0.0338,-0.1615,-0.9674,-0.9594,-0.8586,-0.0746,0.9281,0.9673,-0.9673,-0.0681,0.93,0.0539,0.7978,0.1483,"M"
"92",92,"linear","143c2","Tetherball","2019-05-23 09:06:07",-0.6075,-0.7769,-0.4506,-0.2704,-0.8181,-0.9674,-0.9674,-0.9674,-0.9338,-2e-04,0.9674,-0.9674,-0.9674,0.9674,0.0035,0.3651,0.6315,"L","Freefall","2019-05-23 09:05:42",-0.302,-0.4992,-0.0612,-0.1259,-0.4497,-0.9674,-0.9674,-0.9674,-0.9674,0.7053,0.9674,-0.9674,-0.469,0.9362,0.0162,0.6555,0.3283,"M"
"93",93,"linear","145c2","Invisible Chef","2019-05-23 09:05:40",-0.5185,-0.7081,-0.2569,-0.2269,-0.769,-0.9673,-0.9674,-0.9674,-0.8834,0.3948,0.9674,-0.9674,-0.9651,0.9674,0.0064,0.4512,0.5424,"L","Under the Candlestick","2019-05-23 09:05:48",0.0587,-0.0094,0.4853,0.0305,0.1748,3e-04,-0.9674,-0.9674,-4e-04,0.9674,0.9674,-0.9667,0.5687,0.9674,0.1066,0.8476,0.0459,"M"
"94",94,"linear","146c2","Glacier View","2019-05-20 12:00:55",-0.8242,-0.9244,-0.9185,-0.3781,-0.922,-0.9674,-0.9657,-0.9674,-0.9607,-0.9629,0.9672,-0.9674,-0.9673,0.9673,5e-04,0.1471,0.8524,"L","Broken Guitar","2019-05-20 11:59:22",-0.4984,-0.7183,0.0192,-0.2086,-0.9448,-0.9673,-0.9674,-0.9444,-0.4899,0.9552,0.9674,-0.9671,-0.7241,-0.8536,0.0031,0.4787,0.5182,"L"
"95",95,"linear","148c2","Laundry Day","2019-05-23 10:52:47",-0.5886,-0.7589,-0.4429,-0.2616,-0.7857,-0.9674,-0.9674,-0.9674,-0.9669,0.0078,0.9674,-0.9674,-0.9137,0.9674,0.0041,0.3834,0.6125,"L","Get Over It!","2019-05-23 10:56:08",-0.0146,-0.2009,0.1651,0.2337,-0.0671,-0.9674,-0.9674,-0.9674,-0.875,0.9674,0.9674,-0.2433,1e-04,0.9674,0.0676,0.8498,0.0826,"M"
"96",96,"linear","149c2","Lollipop","2019-05-20 11:54:56",-0.5325,-0.6905,-0.3065,-0.2266,-0.7671,-0.9674,-0.8938,-0.9674,-0.5155,-0.0275,0.9674,-0.9647,-0.9659,0.9574,0.0053,0.4389,0.5558,"L","Seesaw","2019-05-20 11:45:16",-0.3578,-0.5696,0.0968,-0.1492,-0.6712,-0.9674,-0.9674,-0.9618,-0.4787,0.9668,0.9674,-0.9674,-0.0052,0.006,0.0145,0.6013,0.3843,"M"
"97",97,"linear","153c2","Timing is Everything","2019-05-20 11:58:55",-0.607,-0.77,-0.4547,-0.2689,-0.8144,-0.9674,-0.9528,-0.9674,-0.964,8e-04,0.9674,-0.9674,-0.9653,0.9674,0.0035,0.3655,0.631,"L","Diving Board","2019-05-20 11:58:34",-0.3182,-0.5271,0.1707,-0.1321,-0.6256,-0.9671,-0.9674,-0.9673,-0.1747,0.9666,0.9674,-0.9674,-0.1008,0.0242,0.0196,0.6319,0.3486,"M"
"98",98,"linear","154c2","Mobile","2019-05-23 10:55:10",-0.8252,-0.9233,-0.9217,-0.378,-0.9219,-0.9674,-0.9601,-0.9674,-0.9674,-0.9672,0.9674,-0.9674,-0.9674,0.9674,5e-04,0.146,0.8535,"L","Seesaw","2019-05-23 10:48:50",-0.4202,-0.6421,-0.0185,-0.1779,-0.738,-0.9674,-0.9674,-0.9674,-0.9674,0.9671,0.9674,-0.9674,-0.8915,0.7814,0.0083,0.5491,0.4426,"M"
"99",99,"linear","155c2","Broken Heart","2019-05-20 11:56:08",-0.2112,-0.3771,0.4466,-0.084,-0.5386,-0.9674,-0.9298,-0.9674,0.6819,0.838,0.9673,-0.9669,-0.9625,0.9673,0.0359,0.7098,0.2542,"M","Socks","2019-05-20 11:55:51",-0.3523,-0.4031,0.3886,-0.1594,-0.8676,-0.9674,-0.9674,-0.5712,0.6664,0.8338,0.8619,-0.9664,-0.6561,-0.6425,0.0125,0.6109,0.3767,"M"
"100",100,"linear","156c2","Fireworks","2019-05-20 11:58:56",-0.3349,-0.5424,0.1562,-0.1396,-0.6534,-0.9674,-0.9674,-0.9674,9e-04,0.8314,0.9673,-0.9674,-0.9665,0.9674,0.0179,0.618,0.3641,"M","Under the Candlestick","2019-05-20 11:54:01",-0.5202,-0.6964,-0.3866,-0.2296,-0.6865,-0.9674,-0.9674,-0.9674,-0.9654,0.0468,0.9671,-0.9674,-0.111,0.3127,0.0065,0.4494,0.5442,"L"
"101",101,"linear","157c2","Breakfast time","2019-05-17 12:21:56",-0.8255,-0.9239,-0.9215,-0.3801,-0.9218,-0.9674,-0.9618,-0.9674,-0.9669,-0.9665,0.9633,-0.9669,-0.9664,0.9674,5e-04,0.1458,0.8537,"L","Freefall","2019-05-20 11:50:42",-0.8427,-0.9096,-0.8894,-0.4547,-0.9456,-0.9674,-0.9674,-0.9118,-0.9664,-0.8832,0.8149,-0.9674,-0.7248,-0.0639,3e-04,0.1283,0.8714,"L"
"102",102,"linear","158c2","Not too Far","2019-05-20 11:56:36",-0.4413,-0.648,-0.0857,-0.1892,-0.7279,-0.9674,-0.967,-0.9674,-0.0452,0.1951,0.9674,-0.9674,-0.9674,0.9655,0.0092,0.5255,0.4654,"M","Up in the Air","2019-05-20 11:54:43",-0.6391,-0.7959,-0.5351,-0.2863,-0.8208,-0.9674,-0.9672,-0.9668,-0.9672,-0.1688,0.9674,-0.967,-0.4452,0.1698,0.0034,0.3325,0.6641,"L"
"103",103,"linear","160c2","Breakfast time","2019-05-20 11:58:23",-0.8145,-0.914,-0.901,-0.3725,-0.9152,-0.9674,-0.9547,-0.9672,-0.965,-0.9282,0.9666,-0.9674,-0.9642,0.965,6e-04,0.1568,0.8426,"L","St. Patrick's Day","2019-05-20 11:55:50",-0.5947,-0.7987,-0.2412,-0.2605,-0.9446,-0.9664,-0.9674,-0.9674,-0.9637,0.5823,0.9674,-0.9674,-0.7239,-0.7614,0.0018,0.3817,0.6165,"L"
"104",104,"linear","161c2","Fireworks","2019-05-16 12:28:53",-0.6411,-0.8,-0.5236,-0.2871,-0.834,-0.9674,-0.9674,-0.9674,-0.965,-0.1319,0.9674,-0.9674,-0.9667,0.9674,0.003,0.3313,0.6657,"L","Basement Stairs","2019-05-20 11:58:41",-0.1278,-0.3197,0.0086,-0.0469,-0.124,-0.9674,-0.9674,-0.9674,-0.203,0.088,0.9674,-0.9671,0.058,0.9661,0.0271,0.8138,0.1592,"M"
"105",105,"linear","162c2","Spring","2019-05-23 10:56:12",-0.7396,-0.8665,-0.7359,-0.3359,-0.8813,-0.9674,-0.966,-0.9674,-0.9482,-0.5891,0.9674,-0.9674,-0.9673,0.9674,0.0017,0.2322,0.7661,"L","Hammock","2019-05-23 10:55:39",-0.2389,-0.4355,0.1602,-0.1006,-0.4131,-0.9674,-0.9674,-0.9592,-0.3044,0.8592,0.9674,-0.9674,-0.2602,0.6181,0.0357,0.6817,0.2826,"M"
"106",106,"linear","163c2","Down Hill","2019-05-17 11:58:01",-0.7798,-0.5494,-0.5457,-0.7145,-0.8734,-0.5454,-0.4574,-0.6602,-0.4543,-0.6326,-0.4301,-0.7138,-0.6617,-0.4044,0.0041,0.1857,0.8102,"L","Plum Blossom","2019-05-20 11:59:51",-0.9223,-0.942,-0.8413,-0.9055,-0.9663,-0.9674,-0.9674,-0.903,-0.7004,-0.8524,-0.7538,-0.8479,-0.7431,-0.9378,1e-04,0.0463,0.9536,"L"
"107",107,"linear","164c2","Stairs","2019-05-23 10:52:13",-0.5008,-0.6904,-0.1437,-0.2718,-0.7578,-0.9674,-0.967,-0.9674,-0.0778,0.1259,0.8546,-0.9674,-0.9674,0.9674,0.0077,0.467,0.5253,"L","On the Upswing","2019-05-23 10:50:54",-0.7574,-0.873,-0.0109,-0.8032,-0.929,-0.9674,-0.9674,-0.967,-0.1028,0.9468,0.0151,-0.9674,-0.7102,-0.113,0.0018,0.2135,0.7847,"L"
"108",108,"linear","165c2","Broken Heart","2019-05-20 12:01:23",-0.5479,-0.6929,-0.3112,-0.2436,-0.7602,-0.9674,-0.9483,-0.9674,-0.1484,-0.2219,0.9671,-0.9674,-0.9648,0.9667,0.0127,0.4083,0.579,"L","Socks","2019-05-20 12:00:48",-0.3089,-0.3535,0.4754,-0.0882,-0.9187,-0.9674,-0.9674,-0.5406,0.7521,0.9541,0.9674,-0.9674,-0.7011,-0.8739,0.0101,0.6605,0.3294,"M"
"109",109,"linear","167c2","Cosmic Cave","2019-05-23 10:55:39",-0.6068,-0.7683,-0.4541,-0.2685,-0.8144,-0.9508,-0.9651,-0.9674,-0.9638,2e-04,0.9674,-0.9674,-0.9673,0.9674,0.0035,0.3658,0.6308,"L","Mr Green","2019-05-23 10:54:05",-0.2855,-0.4405,0.2346,-0.108,-0.5869,-0.9667,-0.9674,-0.7899,-0.0093,0.9658,0.9674,-0.9674,-0.4113,0.2848,0.0277,0.6494,0.3229,"M"
"110",110,"linear","168c2","Tetherball","2019-05-23 10:53:35",-0.06,-0.2307,0.6403,0.1489,-0.4223,-0.9674,-0.8529,-0.9672,0.8819,0.9663,0.9674,-0.4858,-0.9429,0.9674,0.0864,0.7651,0.1485,"M","Freefall","2019-05-23 10:52:42",-0.1967,-0.2332,0.6022,-0.0468,-0.6825,-0.9674,-0.9564,-0.4518,0.8871,0.9618,0.9674,-0.9664,-0.493,-0.1047,0.029,0.7387,0.2323,"M"
"111",111,"linear","169c2","Broken Heart","2019-05-20 11:59:10",-0.4615,-0.6149,-0.1186,-0.2014,-0.7056,-0.9674,-0.9437,-0.9674,0.0648,0.0436,0.9671,-0.9644,-0.9642,0.9655,0.018,0.4869,0.495,"L","Florida","2019-05-20 12:01:04",-0.2999,-0.4652,0.4255,-0.113,-0.8067,-0.9674,-0.9674,-0.878,0.7372,0.9508,0.9674,-0.9674,-0.6025,-0.3477,0.0178,0.6544,0.3278,"M"
"112",112,"linear","170c2","Mobile","2019-05-20 13:31:50",-0.759,-0.8538,-0.7878,-0.3389,-0.8842,-0.9674,-0.8971,-0.9671,-0.9674,-0.7153,0.9674,-0.9663,-0.9673,0.9095,0.0014,0.2127,0.7859,"L","Seesaw","2019-05-20 13:27:34",-0.35,-0.4082,-0.0279,-0.1176,-0.5723,-0.9674,-0.9674,-0.5859,-0.8109,0.6705,0.9674,-0.9674,-0.8292,0.9176,0.0134,0.6113,0.3753,"M"
"113",113,"linear","172c2","Timing is Everything","2019-05-20 13:35:25",-0.7268,-0.8497,-0.7152,-0.328,-0.8703,-0.9674,-0.9473,-0.9673,-0.4445,-0.8728,0.9674,-0.9674,-0.9628,0.9674,0.0019,0.2448,0.7532,"L","Up in the Air","2019-05-20 13:37:19",-0.1892,-0.3818,-0.0407,-0.077,-0.2008,-0.9674,-0.9671,-0.9639,-0.9548,0.5679,0.9674,-0.9674,0.0499,0.9193,0.029,0.7465,0.2246,"M"
"114",114,"linear","174c2","Back and Forth","2019-05-17 13:41:32",-0.804,-0.874,-0.7497,-0.4899,-0.9572,-0.9674,-0.9048,-0.9674,-0.6241,-0.7842,0.3702,-0.5493,-0.9501,-0.482,0.0022,0.1644,0.8333,"L","St. Patrick's Day","2019-05-20 13:27:12",-0.9138,-0.941,-0.9363,-0.7679,-0.9655,-0.9674,-0.9674,-0.9024,-0.9616,-0.966,0.0243,-0.7517,-0.7424,-0.8653,1e-04,0.0552,0.9447,"L"
"115",115,"linear","176c2","Collision","2019-05-20 13:25:04",-0.4011,-0.5766,0.0541,-0.2066,-0.679,-0.9674,-0.9415,-0.9674,0.2851,0.2809,0.8909,-0.9674,-0.9639,0.9672,0.0175,0.5503,0.4322,"M","Hit and Run","2019-05-20 13:24:31",-0.2318,-0.4345,0.1717,-0.0963,-0.4111,-0.9674,-0.967,-0.9674,-0.4152,0.9578,0.9674,-0.9651,-0.2583,0.6178,0.0347,0.691,0.2743,"M"
"116",116,"linear","177c2","Breakfast time","2019-05-20 13:30:07",-0.8497,-0.932,-0.9268,-0.4984,-0.929,-0.9674,-0.9622,-0.9674,-0.9674,-0.9667,0.7461,-0.9674,-0.9665,0.9672,4e-04,0.121,0.8787,"L","St. Patrick's Day","2019-05-20 13:25:03",-0.6626,-0.8263,-0.4423,-0.2947,-0.9338,-0.9674,-0.9674,-0.9596,-0.6348,-0.0715,0.9672,-0.9674,-0.7144,-0.5359,0.0019,0.3113,0.6868,"L"
"117",117,"linear","178c2","Cosmic Cave","2019-05-17 13:57:49",-0.7887,-0.8898,-0.8537,-0.3579,-0.8977,-0.9674,-0.9371,-0.9674,-0.8555,-0.9088,0.9674,-0.9674,-0.9564,0.9674,0.001,0.1827,0.8163,"L","Diving Board","2019-05-20 13:33:20",-0.2277,-0.218,0.3076,-0.0555,-0.5066,-0.9674,-0.9674,-0.3229,-6e-04,0.9127,0.954,-0.9674,-0.0864,0.0134,0.0272,0.7103,0.2626,"M"
"118",118,"linear","181c2","Fireworks","2019-05-20 13:30:27",-0.6034,-0.771,-0.4633,-0.2687,-0.8011,-0.9674,-0.9674,-0.9674,-0.9633,-0.0267,0.9674,-0.9674,-0.9324,0.9674,0.0037,0.3688,0.6275,"L","Under the Candlestick","2019-05-20 13:25:36",-0.1787,-0.3714,0.0321,-0.069,-0.2479,-0.9674,-0.9674,-0.9674,-0.9674,0.8296,0.9674,-0.9667,-0.1865,0.9555,0.0231,0.7691,0.2078,"M"
"119",119,"linear","184c2","Not too Far","2019-05-20 13:28:27",-0.5811,-0.7274,-0.4303,-0.2391,-0.7855,-0.9674,-0.9023,-0.9673,-0.7606,-0.1318,0.9674,-0.9243,-0.9469,0.9498,0.0047,0.3899,0.6054,"L","Up in the Air","2019-05-17 13:45:57",-0.2513,-0.4518,0.2327,-0.104,-0.5007,-0.9674,-0.9674,-0.9669,-0.012,0.939,0.9674,-0.9674,-0.308,0.4695,0.0296,0.6809,0.2894,"M"
"120",120,"linear","187c2","Wavy","2019-05-16 13:57:20",-0.8496,-0.9112,-0.7905,-0.724,-0.9171,-0.9674,-0.961,-0.9674,-0.6581,-0.8141,0.0435,-0.7196,-0.9664,0.9653,0.0025,0.1168,0.8807,"L","Roller coaster","2019-05-20 13:21:04",-0.0269,-0.1501,0.6604,0.3389,-0.5152,-0.9674,-0.9649,-0.4153,0.807,0.9665,0.9674,-0.0635,-0.3483,0.0659,0.1113,0.7496,0.1391,"M"
"121",121,"linear","189c2","Timing is Everything","2019-05-20 13:32:29",-0.5445,-0.7316,-0.2691,-0.2368,-0.8182,-0.9674,-0.9505,-0.9674,-0.36,0.007,0.9673,-0.9669,-0.9654,0.6946,0.0045,0.4281,0.5674,"L","Up in the Air","2019-05-20 13:33:05",-0.3669,-0.5581,-0.1741,-0.1572,-0.5064,-0.9667,-0.9674,-0.9666,-0.9672,0.4455,0.9674,-0.9674,-0.4244,0.8135,0.0143,0.5921,0.3936,"M"
"122",122,"linear","194c2","Mobile","2019-05-24 11:02:06",-0.4561,-0.6191,-0.1496,-0.1877,-0.7201,-0.9674,-0.8579,-0.9674,-0.0763,-0.0099,0.9663,-0.9674,-0.9663,0.9672,0.0072,0.5142,0.4786,"M","Seesaw","2019-05-24 10:56:06",-0.0988,-0.2838,0.105,-0.033,-0.1144,-0.9674,-0.9674,-0.9599,-0.9572,0.9651,0.9674,-0.9674,0.0135,0.9591,0.0298,0.8382,0.132,"M"
"123",123,"linear","196c2","Fireworks","2019-05-24 10:59:52",-0.6736,-0.8201,-0.6124,-0.3037,-0.8371,-0.9674,-0.9674,-0.9674,-0.9673,-0.3323,0.9673,-0.9674,-0.9357,0.9674,0.0027,0.2983,0.699,"L","Basement Stairs","2019-05-24 11:01:17",-0.1032,-0.284,0.2654,-0.0187,-0.1926,-0.9674,-0.9674,-0.9674,-0.2836,0.9412,0.9674,-0.9065,0.0081,0.7744,0.0436,0.8061,0.1503,"M"
"124",124,"linear","198c2","Spider Web","2019-05-24 10:55:37",-0.6742,-0.7913,-0.6358,-0.2904,-0.8274,-0.9674,-0.954,-0.9674,-0.5293,-0.6951,0.5613,-0.3978,-0.9654,0.9673,0.0158,0.2714,0.7128,"L","Sunny Day","2019-05-24 10:58:17",-0.2883,-0.3358,0.4888,-0.0785,-0.8643,-0.9674,-0.9674,-0.5297,0.7534,0.9498,0.961,-0.9469,-0.6532,-0.6832,0.0147,0.6726,0.3127,"M"
"125",125,"linear","200c2","Laundry Day","2019-05-20 14:24:13",-0.3852,-0.5567,-0.0702,-0.1567,-0.6211,-0.9674,-0.8693,-0.9674,0.0511,0.0416,0.9671,-0.9674,-0.8232,0.9674,0.0113,0.5792,0.4095,"M","Tricks","2019-05-20 14:20:45",0.0752,-0.0443,0.3958,0.0288,0.2813,-0.9671,-0.9674,-0.2941,0.0117,0.7285,0.9674,-0.9673,0.9623,0.9564,0.1196,0.8386,0.0419,"M"
"126",126,"linear","201c2","Angels","2019-05-24 10:55:04",-0.558,-0.7349,-0.3709,-0.2475,-0.7706,-0.9674,-0.9674,-0.9674,-0.0047,-0.4632,0.9657,-0.9674,-0.9184,0.9674,0.0053,0.4126,0.5821,"L","Flying Brooms","2019-05-24 10:54:40",-0.2703,-0.4698,-0.2468,-0.1127,-0.2891,-0.9674,-0.9674,-0.9674,-0.9666,-0.0191,0.9674,-0.9674,-0.1059,0.9646,0.0143,0.6921,0.2937,"M"
"127",127,"linear","202c2","Cosmic Cave","2019-05-20 14:23:05",-0.3664,-0.5361,0.0456,-0.1479,-0.648,-0.9674,-0.8614,-0.9674,-0.0654,0.507,0.9674,-0.9672,-0.9352,0.9674,0.0152,0.5908,0.394,"M","Green Apple","2019-05-20 14:23:42",-0.1867,-0.0705,0.0612,-0.0121,-0.2679,-0.9674,-0.9673,0.0612,-0.6662,0.3184,0.9674,-0.9662,0.2527,0.2043,0.0235,0.76,0.2165,"M"
"128",128,"linear","203c2","Not too Far","2019-05-24 10:59:47",-0.5779,-0.7551,-0.3877,-0.2558,-0.8018,-0.9674,-0.9674,-0.9674,-0.7493,0.0027,0.9674,-0.9674,-0.9649,0.9674,0.0042,0.3942,0.6016,"L","Ed","2019-05-24 10:57:04",-0.0634,-0.233,0.3533,-0.0222,-0.1267,-0.9639,-0.9674,-0.9674,0.0069,0.925,0.9674,-0.9674,-0.0882,0.967,0.0482,0.838,0.1138,"M"
"129",129,"linear","204c2","Wavy","2019-05-17 14:35:43",-0.5414,-0.7017,-0.5196,0.0446,-0.762,-0.9674,-0.9504,-0.9674,-0.4326,-0.6059,0.9649,-0.1495,-0.9651,0.9497,0.0257,0.389,0.5853,"L","Roller coaster","2019-05-20 14:12:38",0.2962,-0.0226,0.7998,0.6841,0.0984,-0.9674,-0.9674,-0.3362,0.8439,0.9673,0.9674,0.4986,0.1756,0.9086,0.3278,0.6506,0.0216,"M"
"130",130,"linear","205c2","Cosmic Cave","2019-05-24 10:56:16",-0.8365,-0.9253,-0.9229,-0.4399,-0.9237,-0.9674,-0.956,-0.9674,-0.9674,-0.9655,0.8514,-0.9674,-0.9644,0.967,4e-04,0.1344,0.8651,"L","Green Apple","2019-05-24 10:59:33",-0.5479,-0.7303,-0.3317,-0.2414,-0.777,-0.9674,-0.967,-0.9674,-0.9623,0.2688,0.9674,-0.9674,-0.595,0.3312,0.0056,0.4224,0.5719,"L"
"131",131,"linear","207c2","Angels","2019-05-24 11:01:12",-0.3914,-0.6083,-0.0154,-0.165,-0.6766,-0.9669,-0.9674,-0.9674,-0.9655,0.9454,0.9674,-0.9674,-0.9052,0.9674,0.0102,0.5751,0.4147,"M","Flying Brooms","2019-05-24 11:01:02",0.0691,-0.1295,0.4431,0.0175,0.2111,-0.9674,-0.9674,-0.9674,0.005,0.9659,0.9674,-0.9674,0.789,0.9674,0.1168,0.8378,0.0454,"M"
"132",132,"linear","209c2","Spider Web","2019-05-17 14:44:43",-0.6805,-0.7966,-0.6422,-0.2976,-0.8342,-0.9674,-0.9543,-0.9674,-0.5347,-0.7002,0.5568,-0.4035,-0.9655,0.9361,0.015,0.2665,0.7185,"L","Cloudy Day","2019-05-20 14:24:55",-0.2467,-0.3068,0.4756,-0.0171,-0.7575,-0.9674,-0.967,-0.5119,0.7028,0.8596,0.9662,-0.7988,-0.5594,-0.3328,0.0286,0.6878,0.2836,"M"
"133",133,"userControl","212c3","Spring","2019-05-22 08:47:49",-0.4135,-0.3132,-0.2411,-0.4484,-0.3308,-0.4751,-0.2607,-0.9376,-0.7823,-0.1213,-7e-04,-0.9674,-0.1879,0.9323,0.0116,0.5494,0.439,"M","Socks","2019-05-22 08:44:04",-0.9347,-0.9607,-0.9208,-0.9053,-0.9653,-0.9674,-0.9674,-0.9674,-0.9674,-0.8884,-0.0023,-0.9674,-0.7421,-0.6709,0,0.0337,0.9662,"L"
"134",134,"userControl","217c3","Lightning","2020-01-17 13:54:23",-0.1247,-0.298,0.237,0.3596,-0.4347,-0.9674,-0.6993,-0.9673,0.3309,0.315,0.9674,0.1227,-0.8363,0.9674,0.111,0.6491,0.2399,"M","Dominos","2020-01-17 14:26:36",-0.2006,-0.2618,0.5567,0.0039,-0.7001,-0.9674,-0.9674,-0.4842,0.7774,0.9618,0.9674,-0.7961,-0.5088,-0.173,0.0355,0.7217,0.2428,"M"
"135",135,"userControl","218c3","Lollipop","2019-05-20 09:19:18",-0.7444,-0.8514,-0.1558,-0.7821,-0.8746,-0.9671,-0.9575,-0.9665,-0.0945,0.4561,0.0308,-0.9674,-0.9672,0.9672,0.0029,0.2248,0.7723,"L","Seesaw","2019-05-20 09:14:15",-0.3384,-0.418,-0.1682,-0.123,-0.4547,-0.9673,-0.9665,-0.6267,-0.9674,0.2941,0.9674,-0.9674,-0.1417,0.5477,0.0128,0.6247,0.3626,"M"
"136",136,"userControl","219c3","Timing is Everything","2019-05-17 09:39:29",-0.5424,-0.6955,-0.3403,-0.2338,-0.762,-0.9644,-0.8955,-0.9671,-0.6775,4e-04,0.9647,-0.9674,-0.9449,0.9672,0.0051,0.4291,0.5658,"L","Up in the Air","2019-05-17 09:42:17",-0.1753,-0.3513,0.2915,-0.0685,-0.3492,-0.9673,-0.9672,-0.8907,0.0058,0.942,0.9674,-0.9643,0.1505,0.3247,0.042,0.7348,0.2232,"M"
"137",137,"userControl","220c3","Wavy","2019-05-17 09:16:23",-0.4552,-0.5906,-0.4044,0.1073,-0.6667,-0.9674,-0.8039,-0.9674,-0.3367,-0.5146,0.9436,-0.0933,-0.8871,0.9591,0.039,0.4515,0.5096,"L","Roller coaster","2019-05-17 09:24:03",-0.1552,-0.228,0.5545,-0.0408,-0.4874,-0.9674,-0.9626,-0.4634,0.7399,0.8897,0.9657,-0.9596,-0.3245,0.2593,0.0495,0.7405,0.21,"M"
"138",138,"userControl","222c3","Chain","2019-05-22 08:59:52",-0.8145,-0.9021,-0.4174,-0.8123,-0.9091,-0.9674,-0.9674,-0.9671,-0.2647,-0.109,0.0591,-0.9674,-0.9652,0.9669,0.001,0.156,0.843,"L","Windy Day","2019-05-22 09:00:15",-0.2338,-0.3934,0.3138,-0.0741,-0.5263,-0.9674,-0.9672,-0.8373,0.1579,0.9642,0.9674,-0.9218,0.6159,-0.5636,0.0309,0.6966,0.2725,"M"
"139",139,"userControl","227c3","Back and Forth","2019-05-22 08:35:40",-0.8965,-0.9452,-0.8331,-0.7879,-0.9654,-0.9674,-0.9674,-0.9674,-0.6936,-0.8466,-0.0334,-0.766,-0.9674,-0.4897,2e-04,0.0728,0.9269,"L","On the Upswing","2019-05-22 08:36:21",-0.8875,-0.9164,-0.8116,-0.7764,-0.9635,-0.9674,-0.9674,-0.8873,-0.6757,-0.8306,-0.3485,-0.5681,-0.7406,-0.8641,3e-04,0.082,0.9177,"L"
"140",140,"userControl","228c3","Pipes","2019-05-20 09:18:26",-0.8267,-0.9081,-0.4319,-0.8473,-0.914,-0.9674,-0.9672,-0.9674,-0.4103,-0.0083,1e-04,-0.9674,-0.9661,0.9674,9e-04,0.1437,0.8554,"L","Get Over It!","2019-05-20 09:18:11",0.0069,-0.1605,0.4788,0.0082,2e-04,-0.9674,-0.9669,-0.939,0.2133,0.9623,0.9674,-0.9497,0.3618,0.7826,0.0783,0.8506,0.0711,"M"
"141",141,"userControl","231c3","Spider Web","2019-05-20 10:33:53",-0.8809,-0.9332,-0.8186,-0.7726,-0.9466,-0.9674,-0.9623,-0.9674,-0.6815,-0.8356,-0.0099,-0.7552,-0.9667,0.4196,8e-04,0.0879,0.9114,"L","Freefall","2019-05-22 10:52:00",-0.5184,-0.5777,0.1349,-0.4971,-0.735,-0.9674,-0.9673,-0.6787,0.4421,0.5477,0.2569,-0.9653,-0.5406,0.0936,0.0168,0.4304,0.5527,"L"
"142",142,"userControl","232c3","Mobile","2019-05-20 10:09:29",-0.5852,-0.7135,0.2253,-0.6821,-0.7738,-0.9674,-0.9674,-0.9674,0.6746,0.933,-0.0068,-0.9661,-0.9464,0.9455,0.0117,0.3716,0.6166,"L","Tricks","2019-05-20 10:01:38",0.373,-0.0315,0.7943,0.5442,0.4115,-0.9674,-0.9674,-0.9674,0.8274,0.9363,0.9674,0.1014,0.9337,0.9636,0.3958,0.594,0.0102,"M"
"143",143,"userControl","233c3","Lollipop","2019-05-22 10:40:11",-0.632,-0.7907,-0.5145,-0.2829,-0.8208,-0.9674,-0.9674,-0.9674,-0.7027,-0.301,0.9674,-0.9674,-0.9474,0.9666,0.0036,0.3396,0.6568,"L","Hammock","2019-05-22 10:52:05",-0.1846,-0.3911,-0.1843,-0.0749,-0.1286,-0.9674,-0.9674,-0.9674,-0.7615,-0.0767,0.9674,-0.9669,0.2286,0.9673,0.024,0.7612,0.2148,"M"
"144",144,"userControl","234c3","Fireworks","2019-05-22 10:53:16",-0.5973,-0.7688,-0.4309,-0.2654,-0.8108,-0.9674,-0.9674,-0.9674,-0.9259,0.0355,0.9674,-0.9673,-0.9631,0.9674,0.0038,0.3749,0.6212,"L","Under the Candlestick","2019-05-22 10:52:50",0.0839,-0.1287,0.4692,0.1925,0.0895,-0.9674,-0.9674,-0.9674,0.0779,0.9555,0.9674,-0.5065,0.4541,0.8789,0.1367,0.8133,0.05,"M"
"145",145,"userControl","235c3","Balance","2019-05-17 10:43:01",-0.7175,-0.844,-0.6939,-0.3159,-0.8635,-0.9674,-0.9674,-0.9674,-0.5777,-0.7426,0.9665,-0.9361,-0.9626,0.9674,0.0041,0.2502,0.7457,"L","Blocked","2019-05-17 10:44:25",-0.235,-0.4307,0.3191,0.2069,-0.7617,-0.9674,-0.9674,-0.9662,0.5364,0.6415,0.8748,-0.0055,-0.5632,-0.3128,0.0585,0.6401,0.3014,"M"
"146",146,"userControl","236c3","Breakfast time","2019-05-17 10:38:16",-0.9254,-0.9485,-0.9331,-0.8971,-0.9447,-0.9674,-0.9323,-0.9484,-0.9666,-0.9448,-3e-04,-0.9674,-0.9472,0.9673,1e-04,0.0432,0.9567,"L","Freefall","2019-05-20 10:16:16",-0.828,-0.9247,-0.8692,-0.3784,-0.9569,-0.9674,-0.9674,-0.962,-0.967,-0.8259,0.9674,-0.9674,-0.7347,-0.5651,3e-04,0.1435,0.8562,"L"
"147",147,"userControl","237c3","Fireworks","2019-05-22 10:38:35",-0.8248,-0.9264,-0.9126,-0.3336,-0.9392,-0.9674,-0.9669,-0.9674,-0.9671,-0.9389,0.9439,-0.812,-0.9599,0.4609,5e-04,0.1464,0.8531,"L","Under the Candlestick","2019-05-22 10:53:36",0.0201,-0.1883,0.4049,0.2177,-0.0847,-0.9674,-0.9674,-0.9674,-0.0173,0.9674,0.9674,-0.3663,0.7026,0.2243,0.1111,0.7987,0.0903,"M"
"148",148,"userControl","239c3","Through the Cracks","2019-05-16 10:14:46",-0.7674,-0.7722,-0.6657,-0.5516,-0.8942,-0.9674,-0.6429,-0.9674,-0.5542,-0.7184,0.1436,-0.5899,-0.68,-0.424,0.0087,0.1894,0.8019,"L","Cornfield","2019-05-16 10:16:40",-0.9021,-0.9262,-0.8232,-0.8372,-0.9641,-0.9673,-0.967,-0.8933,-0.6853,-0.8389,-0.49,-0.7994,-0.741,-0.8644,4e-04,0.0666,0.9329,"L"
"149",149,"userControl","240c3","Tetherball","2019-05-22 10:51:38",-0.7522,-0.8587,-0.1969,-0.7859,-0.876,-0.9674,-0.9669,-0.9674,-0.3037,0.5295,0.0341,-0.9674,-0.9591,0.9673,0.0029,0.2167,0.7804,"L","Mr Green","2019-05-22 10:39:26",-0.0492,-0.2407,0.004,0.2918,-0.0933,-0.9674,-0.9674,-0.9674,-0.9098,0.4045,0.9673,-0.0068,0.0023,0.9674,0.0593,0.8305,0.1102,"M"
"150",150,"userControl","242c3","The Museum","2019-05-22 10:41:56",-0.8074,-0.9132,-0.8765,-0.3708,-0.9166,-0.9674,-0.9674,-0.9674,-0.9518,-0.8773,0.9651,-0.9674,-0.9642,0.8681,7e-04,0.164,0.8353,"L","Get Over It!","2019-05-22 10:44:12",-0.1304,-0.3232,0.0741,-0.0504,-0.1384,-0.9674,-0.9674,-0.9674,-0.9546,0.8926,0.9674,-0.9674,0.4593,0.5742,0.0356,0.794,0.1704,"M"
"151",151,"userControl","243c3","Not too Far","2019-05-23 09:05:39",-0.6597,-0.7999,-0.5761,-0.2908,-0.836,-0.9674,-0.9416,-0.9643,-0.9623,-0.2662,0.9674,-0.9578,-0.9618,0.9673,0.0028,0.3123,0.6848,"L","Up in the Air","2019-05-23 09:03:43",-0.1305,-0.14,0.083,-0.0209,-0.1316,-0.9672,-0.9241,-0.2939,-0.7269,0.5128,0.9674,-0.9667,0.0313,0.8454,0.0335,0.7981,0.1684,"M"
"152",152,"userControl","245c3","Tetherball","2019-05-23 08:33:28",-0.4583,-0.5936,-0.2106,-0.1857,-0.6803,-0.9674,-0.8046,-0.9674,-0.3692,0.0065,0.9674,-0.9674,-0.8905,0.9674,0.0077,0.5109,0.4814,"M","Mr Green","2019-05-23 08:55:17",-0.4421,-0.6713,0.119,-0.1853,-0.8941,-0.9674,-0.9672,-0.9674,8e-04,0.9634,0.9674,-0.9674,-0.6795,-0.5302,0.0065,0.53,0.4635,"M"
"153",153,"userControl","246c3","Not too Far","2019-05-23 08:57:05",-0.7465,-0.8571,-0.7668,-0.3356,-0.8748,-0.9674,-0.9301,-0.9673,-0.9673,-0.6645,0.9674,-0.9651,-0.9545,0.9674,0.0016,0.2251,0.7733,"L","Up in the Air","2019-05-23 08:55:39",0.0349,-0.0523,0.4685,0.0215,0.1081,-0.7918,-0.9565,-0.3174,0.0236,0.9659,0.9674,-0.966,0.4153,0.967,0.0953,0.8455,0.0592,"M"
"154",154,"userControl","247c3","Not too Far","2019-05-23 08:56:58",-0.5112,-0.6388,-0.3149,-0.2132,-0.7128,-0.9674,-0.8209,-0.9674,-0.8083,0.0966,0.9674,-0.9674,-0.8975,0.9674,0.007,0.4576,0.5354,"L","Seesaw","2019-05-23 08:58:54",0.0314,-0.109,0.7145,0.0112,-0.0365,-0.9674,-0.9674,-0.9237,0.8414,0.9673,0.9674,-0.9674,0.0452,0.9212,0.0841,0.8642,0.0517,"M"
"155",155,"userControl","248c3","Back and Forth","2019-05-23 08:32:35",-0.8889,-0.9379,-0.8247,-0.81,-0.944,-0.9674,-0.9667,-0.9674,-0.6866,-0.84,0.118,-0.9358,-0.9674,0.7116,7e-04,0.0798,0.9195,"L","Perfect Toss","2019-05-23 08:36:03",-0.3898,-0.58,0.2979,-0.1813,-0.8882,-0.9674,-0.9674,-0.9673,0.6425,0.8393,0.0838,-0.1017,-0.6743,-0.6377,0.0127,0.5717,0.4156,"M"
"156",156,"userControl","250c3","Breakfast time","2019-05-23 09:00:48",-0.6653,-0.8141,-0.722,-0.0525,-0.8575,-0.9674,-0.9672,-0.9674,-0.6367,-0.8404,0.9513,-0.2319,-0.9674,0.7427,0.0075,0.2973,0.6952,"L","Sunny Day","2019-05-23 08:52:19",-0.5961,-0.6464,-0.0041,-0.6206,-0.7633,-0.9674,-0.9674,-0.721,0.289,0.374,-0.002,-0.8542,-0.5655,0.1397,0.0157,0.3524,0.6319,"L"
"157",157,"userControl","252c3","Lollipop","2019-05-23 10:50:02",-0.6106,-0.7728,-0.4609,-0.2707,-0.8172,-0.9674,-0.9529,-0.9674,-0.9674,-0.0084,0.9674,-0.9674,-0.9671,0.9647,0.0034,0.362,0.6346,"L","Seesaw","2019-05-23 10:47:14",-0.5071,-0.5781,-0.7353,-0.199,-0.4663,-0.9061,-0.9668,-0.6606,-0.9672,-0.9278,0.967,-0.9674,-0.1964,0.9408,0.005,0.4659,0.5292,"L"
"158",158,"userControl","253c3","Stairs","2019-05-23 10:52:23",-0.5395,-0.7139,-0.4114,-0.2386,-0.7097,-0.9674,-0.9674,-0.9674,-0.9607,-0.0014,0.9674,-0.9674,-0.7929,0.9674,0.0056,0.4311,0.5632,"L","Blocked","2019-05-23 10:49:13",-0.1643,-0.3491,0.1356,-0.0531,-0.2551,-0.9674,-0.9674,-0.9674,-0.3584,0.6675,0.9674,-0.9287,0.0748,0.653,0.034,0.7621,0.2039,"M"
"159",159,"userControl","254c3","Whale","2019-05-20 11:54:09",-0.1374,-0.2522,0.5542,-0.0428,-0.421,-0.9674,-0.6826,-0.9674,0.7429,0.8975,0.9674,-0.9595,-0.8348,0.9674,0.0469,0.7642,0.1889,"M","Florida","2019-05-20 11:53:53",-0.1822,-0.3069,0.5439,-0.0623,-0.5558,-0.9674,-0.9673,-0.7169,0.7763,0.9662,0.9674,-0.9674,-0.3839,0.1834,0.0431,0.7256,0.2313,"M"
"160",160,"userControl","255c3","Timing is Everything","2019-05-20 11:57:16",-0.7373,-0.8321,-0.6971,-0.3934,-0.8612,-0.9674,-0.8903,-0.9674,-0.8102,-0.5954,0.8319,-0.9674,-0.9293,0.8552,0.002,0.2339,0.7641,"L","Diving Board","2019-05-20 11:51:17",-0.5799,-0.5702,-0.3905,-0.2102,-0.8106,-0.9674,-0.9674,-0.5708,-0.9645,-0.0668,0.9673,-0.9674,-0.6063,-0.0406,0.0038,0.3929,0.6032,"L"
"161",161,"userControl","256c3","The Museum","2019-05-23 10:48:42",-0.8064,-0.8979,-0.3364,-0.8353,-0.9066,-0.9674,-0.9674,-0.9674,-0.1516,0.0027,0.0022,-0.9674,-0.9674,0.9674,0.0011,0.1643,0.8346,"L","Magic Bean","2019-05-23 10:52:09",-0.8798,-0.9376,-0.6445,-0.859,-0.953,-0.9674,-0.9674,-0.9674,-0.9523,-0.0977,0.0382,-0.9674,-0.7887,0.128,3e-04,0.09,0.9097,"L"
"162",162,"userControl","257c3","Mobile","2019-05-17 12:24:42",-0.5067,-0.6963,-0.234,-0.2214,-0.7583,-0.9674,-0.9674,-0.9674,-0.5109,0.1959,0.9674,-0.9671,-0.9587,0.9674,0.0074,0.4614,0.5312,"L","Seesaw","2019-05-17 12:25:38",-0.0888,-0.1329,0.1261,-0.0095,-0.0886,-0.3673,-0.9674,-0.9674,-0.8949,0.8553,0.9674,-0.9673,-0.054,0.9667,0.0294,0.8496,0.1211,"M"
"163",163,"userControl","261c3","Down Hill","2019-05-23 10:45:30",-0.6038,-0.7725,-0.456,-0.2688,-0.807,-0.9674,-0.9674,-0.9674,-0.9669,-0.0011,0.9674,-0.9674,-0.9458,0.9674,0.0036,0.3686,0.6278,"L","Sunny Day","2019-05-23 10:53:19",-0.0486,-0.2177,0.3351,-0.0155,-0.0864,-0.9674,-0.9674,-0.9674,-0.052,0.8836,0.9674,-0.9674,-0.0108,0.9673,0.0482,0.8534,0.0984,"M"
"164",164,"userControl","262c3","Cosmic Cave","2019-05-20 12:16:28",-0.2053,-0.2617,-0.4916,0.3849,-0.1981,-0.351,-0.9674,-0.9674,-0.7784,-0.9378,0.9653,0.2096,-0.0891,0.9633,0.0367,0.7144,0.2489,"M","Mr Green","2019-05-20 11:49:34",0.1964,-0.0497,0.4565,0.8179,0.01,-0.9573,-0.9672,-0.9459,0.0241,0.7638,0.9191,0.8876,0.0118,0.9674,0.222,0.7589,0.0191,"M"
"165",165,"userControl","263c3","Wavy","2019-05-17 11:59:42",-0.5577,-0.705,-0.5281,-0.0175,-0.7632,-0.9674,-0.9306,-0.9674,-0.4397,-0.6121,0.8767,-0.1941,-0.9596,0.9649,0.0253,0.3729,0.6018,"L","Roller coaster","2019-05-17 12:14:56",-0.3029,-0.3507,0.4547,-0.0391,-0.9209,-0.9674,-0.9665,-0.5389,0.7175,0.8979,0.9646,-0.808,-0.703,-0.8861,0.0128,0.6613,0.3259,"M"
"166",166,"userControl","264c3","Cosmic Cave","2019-05-20 11:54:02",-0.6348,-0.7821,-0.5168,-0.2821,-0.8245,-0.9674,-0.9395,-0.9674,-0.045,-0.7195,0.9667,-0.9674,-0.9615,0.9494,0.0035,0.3368,0.6597,"L","Diving Board","2019-05-20 11:58:48",-0.6409,-0.8037,-0.4939,-0.2865,-0.8536,-0.9673,-0.9674,-0.9672,-0.9582,-0.0469,0.9674,-0.9674,-0.42,0.0189,0.0028,0.3318,0.6654,"L"
"167",167,"userControl","265c3","Fireworks","2019-05-20 11:56:22",-0.8079,-0.909,-0.8118,-0.457,-0.9118,-0.9674,-0.9674,-0.9674,-0.9545,-0.6812,0.7884,-0.9674,-0.9671,0.9674,8e-04,0.1633,0.8359,"L","Basement Stairs","2019-05-20 11:58:23",-0.1688,-0.3682,-0.1136,-0.0658,-0.1479,-0.9674,-0.9674,-0.9674,-0.9674,0.2255,0.9674,-0.9674,0.1017,0.961,0.0219,0.7818,0.1963,"M"
"168",168,"userControl","266c3","Balance","2019-05-23 10:20:22",-0.6114,-0.7796,-0.4595,-0.2721,-0.8199,-0.9674,-0.9673,-0.9674,-0.9616,1e-04,0.9674,-0.9666,-0.9671,0.9674,0.0034,0.3612,0.6354,"L","Blocked","2019-05-23 10:20:53",-0.2768,-0.4711,0.1187,-0.1048,-0.4954,-0.9674,-0.9674,-0.9592,-0.0574,0.6148,0.9674,-0.9354,-0.0283,0.3287,0.0248,0.6643,0.3109,"M"
"169",169,"userControl","267c3","Timing is Everything","2019-05-20 11:46:18",-0.9339,-0.9402,-0.9384,-0.8906,-0.9641,-0.9674,-0.7828,-0.9674,-0.9673,-0.9615,0.0039,-0.9593,-0.7411,-0.6933,0,0.0346,0.9653,"L","Up in the Air","2019-05-20 11:50:49",-0.9003,-0.9457,-0.9153,-0.8318,-0.9235,-0.9668,-0.9674,-0.9664,-0.8735,-0.9606,-0.0222,-0.8718,-0.1859,0.0589,4e-04,0.0687,0.9309,"L"
"170",170,"userControl","268c3","Timing is Everything","2019-05-20 11:55:47",-0.4483,-0.6465,-0.1683,-0.1935,-0.6859,-0.9674,-0.9674,-0.9674,-0.2308,0.0774,0.9674,-0.9674,-0.8577,0.9674,0.0089,0.5187,0.4723,"M","Freefall","2019-05-20 11:57:33",-0.1103,-0.3031,0.0254,-0.0341,-0.081,-0.9674,-0.9674,-0.9674,-0.7624,0.4646,0.9666,-0.9433,0.5172,0.6222,0.0351,0.8158,0.1491,"M"
"171",171,"userControl","269c3","Cosmic Cave","2019-05-23 10:55:41",-0.8306,-0.9278,-0.9237,-0.4004,-0.9244,-0.9674,-0.9674,-0.9674,-0.9674,-0.9673,0.9285,-0.9674,-0.9674,0.9674,4e-04,0.1405,0.8591,"L","Green Apple","2019-05-23 10:53:19",-0.3896,-0.5889,-0.0671,-0.1977,-0.6007,-0.9674,-0.9674,-0.9674,-0.9554,0.7897,0.8991,-0.9674,0.0758,0.1321,0.012,0.5732,0.4148,"M"
"172",172,"userControl","270c3","Lightning","2019-05-23 10:56:09",-0.2527,-0.4246,0.0635,0.2135,-0.5574,-0.9674,-0.8377,-0.9674,0.1798,0.1438,0.8878,0.0024,-0.9271,0.9381,0.0817,0.5754,0.3429,"M","Leprechaun","2019-05-23 10:53:27",-0.1287,-0.2155,0.5848,0.1263,-0.5929,-0.9674,-0.9672,-0.4557,0.7688,0.9305,0.9674,-0.5187,-0.4157,0.007,0.0659,0.7353,0.1989,"M"
"173",173,"userControl","271c3","Balance","2019-05-17 12:32:29",-0.1358,-0.3252,0.0318,-0.0508,-0.1526,-0.9674,-0.9674,-0.9674,-0.2767,0.206,0.9674,-0.9673,-0.0184,0.9674,0.027,0.8056,0.1674,"M","Windy Day","2019-05-17 12:31:28",0.0617,-0.1381,0.3376,0.0165,0.2506,-0.9674,-0.9674,-0.954,-0.232,0.8201,0.9674,-0.9674,0.9645,0.9499,0.109,0.8457,0.0453,"M"
"174",174,"userControl","273c3","Breakfast time","2019-05-23 10:50:11",-0.8253,-0.9257,-0.9205,-0.3787,-0.9227,-0.9674,-0.9673,-0.9674,-0.9613,-0.9662,0.9674,-0.9674,-0.9674,0.9674,5e-04,0.146,0.8535,"L","Diving Board","2019-05-23 10:55:14",-0.5119,-0.689,-0.3489,-0.2259,-0.691,-0.9674,-0.9674,-0.9619,-0.958,0.1451,0.9654,-0.9674,-0.0115,0.0596,0.0073,0.4563,0.5364,"L"
"175",175,"userControl","276c3","Cosmic Cave","2019-05-20 13:26:39",-0.2271,-0.2277,-0.1479,-0.0914,-0.1931,-0.9674,-0.1896,-0.964,-0.9625,-0.0129,0.8912,-0.9671,-0.068,0.9607,0.0193,0.7267,0.254,"M","Green Apple","2019-05-20 13:28:27",-0.6206,-0.7856,-0.4748,-0.277,-0.8262,-0.9674,-0.9674,-0.9673,-0.9631,-0.0249,0.9673,-0.9674,-0.2096,-0.0907,0.0035,0.3515,0.645,"L"
"176",176,"userControl","278c3","Cookie Monster","2019-05-20 13:53:05",-0.179,-0.3646,0.2271,-0.0721,-0.3284,-0.9673,-0.9674,-0.9674,-0.0712,0.8006,0.9674,-0.9673,-0.4042,0.9674,0.034,0.747,0.219,"M","Green Apple","2019-05-20 13:58:28",0.2125,-0.0811,0.5113,0.4243,0.2528,-0.967,-0.9674,-0.9674,-0.005,0.9655,0.9674,-0.0155,0.6882,0.9674,0.2473,0.7251,0.0276,"M"
"177",177,"userControl","282c3","Lollipop","2019-05-17 13:43:43",-0.2727,-0.4388,0.2335,-0.1176,-0.5102,-0.9674,-0.9674,-0.9674,0.4254,0.4891,0.9663,-0.9674,-0.755,0.9674,0.0348,0.6485,0.3167,"M","Basement Stairs","2019-05-17 13:45:53",0.1619,-0.0606,0.7589,0.0383,0.3124,-0.9673,-0.9674,-0.9674,0.833,0.9667,0.9672,-0.9671,0.9516,0.9638,0.1878,0.7918,0.0204,"M"
"178",178,"userControl","283c3","Balance","2019-05-20 13:35:12",-0.6648,-0.7997,0.0152,-0.6823,-0.8455,-0.9674,-0.9674,-0.9674,-0.2306,0.9566,0,-0.8119,-0.9545,0.8255,0.0053,0.3022,0.6925,"L","Windy Day","2019-05-20 13:35:28",-0.7807,-0.8823,-0.7347,-0.5108,-0.8927,-0.9674,-0.9674,-0.9674,-0.699,-0.7108,0.3853,-0.6904,0.1638,-0.2145,0.0019,0.1893,0.8089,"L"
"179",179,"userControl","285c3","Timing is Everything","2019-05-20 13:32:10",-0.2321,-8e-04,-0.2132,0.4121,-0.4513,0.1711,-6e-04,-0.8664,-0.9397,-0.3448,0.9363,0.1653,-0.2947,0.2009,0.0519,0.6563,0.2918,"M","Seesaw","2019-05-20 13:36:58",-0.5633,-0.6222,-0.6481,0.0477,-0.7336,-0.9673,-0.9673,-0.6847,-0.7154,-0.8139,0.9332,-0.1445,0.2672,-0.2821,0.0124,0.3929,0.5947,"L"
"180",180,"userControl","286c3","Tetherball","2019-05-17 14:01:05",-0.6804,-0.7873,-0.6554,-0.3003,-0.8207,-0.9674,-0.8742,-0.9674,-0.9635,-0.4813,0.9652,-0.9668,-0.9206,0.9644,0.0028,0.2911,0.7061,"L","Freefall","2019-05-17 13:55:15",-0.743,-0.856,-0.6395,-0.3288,-0.9545,-0.9097,-0.9641,-0.9671,-0.79,-0.4461,0.9674,-0.9674,-0.7326,-0.781,8e-04,0.2304,0.7688,"L"
"181",181,"userControl","287c3","Tetherball","2019-05-20 13:25:09",-0.233,-0.4114,0.3919,-0.0933,-0.5629,-0.9674,-0.9318,-0.9673,0.4414,0.9614,0.9662,-0.9674,-0.9627,0.9669,0.0311,0.6969,0.272,"M","Freefall","2019-05-17 13:21:28",-0.5946,-0.485,-0.2876,-0.1801,-0.935,-0.9674,-0.9672,-0.4181,-0.9535,0.1409,0.9674,-0.9671,-0.7154,-0.8469,0.0016,0.3821,0.6162,"L"
"182",182,"userControl","288c3","Breakfast time","2019-05-20 13:30:22",-0.8093,-0.898,-0.9112,-0.368,-0.9003,-0.9674,-0.914,-0.9674,-0.9673,-0.9662,0.9618,-0.9654,-0.9376,0.9674,7e-04,0.1621,0.8372,"L","St. Patrick's Day","2019-05-20 13:24:08",-0.5713,-0.7457,-0.2873,-0.2388,-0.8646,-0.9674,-0.9674,-0.9306,-0.9183,0.3971,0.9674,-0.9392,-0.6536,-0.0144,0.0043,0.4009,0.5948,"L"
"183",183,"userControl","289c3","Breakfast time","2019-05-20 13:27:39",-0.7996,-0.9081,-0.8648,-0.3666,-0.9103,-0.9674,-0.9674,-0.9674,-0.8079,-0.944,0.966,-0.9673,-0.9672,0.9673,8e-04,0.1718,0.8273,"L","St. Patrick's Day","2019-05-20 13:24:17",-0.2799,-0.4703,0.2004,-0.1146,-0.542,-0.9674,-0.9674,-0.9079,-0.0964,0.9221,0.9674,-0.9674,-0.3724,0.3808,0.0303,0.6501,0.3196,"M"
"184",184,"userControl","290c3","Lollipop","2019-05-20 13:34:00",-0.6095,-0.7782,-0.4548,-0.2715,-0.819,-0.9674,-0.9674,-0.9674,-0.9292,-0.0121,0.9672,-0.9674,-0.9674,0.9674,0.0035,0.363,0.6335,"L","Ed","2019-05-20 13:37:15",-0.2026,-0.4053,-0.1778,-0.0812,-0.1898,-0.9672,-0.9674,-0.9674,-0.9396,0.0428,0.9674,-0.9674,0.0465,0.967,0.0181,0.7544,0.2275,"M"
"185",185,"userControl","292c3","Spring","2019-05-20 13:27:31",-0.8726,-0.9185,-0.746,-0.8318,-0.9204,-0.9674,-0.9215,-0.9674,-0.8656,-0.5112,0.0721,-0.9674,-0.942,0.9662,6e-04,0.0969,0.9026,"L","Broken Guitar","2019-05-20 13:31:11",-0.2658,-0.4648,0.0096,-0.1115,-0.3939,-0.9674,-0.9666,-0.9673,-0.8593,0.8006,0.9674,-0.9674,-0.2431,0.7258,0.0258,0.6737,0.3005,"M"
"186",186,"userControl","294c3","The Museum","2019-05-20 13:36:07",-0.7666,-0.8708,-0.2325,-0.8061,-0.8783,-0.9674,-0.9674,-0.9674,0.0293,0.1103,0.0119,-0.9672,-0.9168,0.9406,0.0022,0.2032,0.7946,"L","Kind Cloud","2019-05-20 13:34:08",-0.2294,-0.4463,-0.264,-0.212,-0.0921,-0.9674,-0.9674,-0.9674,-0.0354,-0.754,0.0062,-0.2929,0.5141,0.9361,0.0238,0.7152,0.261,"M"
"187",187,"userControl","295c3","Whale","2019-05-20 13:25:09",-0.8577,-0.904,-0.7891,-0.7784,-0.9094,-0.9674,-0.9162,-0.9673,-0.657,-0.8129,0.1689,-0.9674,-0.9396,0.9665,0.0016,0.1102,0.8882,"L","Frog","2019-05-20 13:27:46",-0.2208,-0.3836,0.4955,-0.084,-0.6256,-0.9674,-0.9648,-0.8775,0.7637,0.9664,0.9674,-0.9674,-0.4445,0.1332,0.0354,0.7009,0.2637,"M"
"188",188,"userControl","296c3","Tetherball","2019-05-17 13:53:48",-0.8652,-0.924,-0.6236,-0.8668,-0.9272,-0.9674,-0.9559,-0.9672,-0.9674,-0.0019,1e-04,-0.9674,-0.9645,0.9558,5e-04,0.1046,0.8949,"L","Freefall","2019-05-17 13:48:17",-0.9355,-0.9608,-0.9209,-0.9068,-0.9663,-0.9654,-0.9674,-0.9671,-0.9045,-0.9298,-0.0267,-0.9674,-0.743,-0.8292,0,0.033,0.967,"L"
"189",189,"userControl","300c3","Cookie Monster","2019-05-24 10:55:49",-0.6983,-0.8227,0.0314,-0.7678,-0.8487,-0.9674,-0.9674,-0.9674,-0.0533,0.9648,8.8204e-07,-0.9674,-0.9519,0.959,0.0045,0.2691,0.7263,"L","Magic Bean","2019-05-24 10:53:34",-0.1715,-0.3638,-0.0177,-0.0305,-0.2208,-0.9674,-0.9674,-0.9674,-0.9552,0.6199,0.9674,-0.8515,-0.0495,0.8839,0.0266,0.7695,0.2039,"M"
"190",190,"userControl","301c3","Tetherball","2019-05-20 14:19:46",-0.8363,-0.9206,-0.6047,-0.7149,-0.9635,-0.9674,-0.9672,-0.9674,-0.9574,-0.0035,0.0154,-0.695,-0.9656,-0.4879,3e-04,0.1348,0.8649,"L","Mr Green","2019-05-20 14:21:21",-0.8627,-0.9342,-0.3706,-0.8982,-0.9631,-0.9674,-0.9674,-0.9667,0.0051,-0.1019,-0.3483,-0.967,-0.7402,-0.7883,2e-04,0.1079,0.8919,"L"
"191",191,"userControl","302c3","Shelves","2019-05-20 14:24:50",-0.7231,-0.8224,-0.7377,-0.3223,-0.8455,-0.9674,-0.8868,-0.9674,-0.6429,-0.8361,0.967,-0.9673,-0.9258,0.967,0.0029,0.2468,0.7503,"L","Frog","2019-05-20 14:18:50",-0.2795,-0.4595,0.4408,-0.1086,-0.7548,-0.9674,-0.9669,-0.9321,0.749,0.9657,0.9673,-0.9674,-0.5569,-0.1138,0.022,0.6671,0.3109,"M"
"192",192,"userControl","305c3","Spiral","2019-05-24 11:00:38",-0.8453,-0.922,-0.1106,-0.9354,-0.9614,-0.9674,-0.9439,-0.9673,-0.0038,0.6639,-0.7545,-0.9674,-0.9638,-0.0895,2e-04,0.1259,0.8739,"L","Pizza Hill","2019-05-24 10:59:03",-0.1223,-0.3089,0.0646,-0.0775,-0.1085,-0.9656,-0.9566,-0.9668,-0.0051,0.1402,0.8811,-0.9674,0.1374,0.9312,0.0311,0.8114,0.1575,"M"
"193",193,"userControl","306c3","Spiral","2019-05-24 11:00:41",-0.7744,-0.8681,-0.8416,-0.3489,-0.8791,-0.9674,-0.9033,-0.9674,-0.9669,-0.8334,0.9655,-0.9674,-0.933,0.9614,0.0012,0.1971,0.8017,"L","Seesaw","2019-05-24 10:56:53",-0.4617,-0.6531,-0.146,-0.2001,-0.7202,-0.9674,-0.9674,-0.9648,-0.5783,0.4579,0.9674,-0.9674,-0.928,0.9575,0.0103,0.5021,0.4876,"M"
"194",194,"userControl","308c3","Tetherball","2019-05-24 10:41:46",-0.4606,-0.6305,-0.1676,-0.1926,-0.7158,-0.9674,-0.8816,-0.9674,-0.123,-0.0148,0.9655,-0.9674,-0.941,0.9674,0.0072,0.5094,0.4834,"M","Freefall","2019-05-24 10:41:11",-0.7579,-0.8888,-0.6814,-0.3441,-0.9516,-0.9674,-0.9674,-0.9661,-0.9662,-0.3849,0.9659,-0.9674,-0.7301,-0.6616,7e-04,0.2152,0.7841,"L"
"195",195,"userControl","309c3","Not too Far","2019-05-17 14:52:42",-0.4658,-0.6545,-0.1588,-0.1973,-0.7341,-0.9674,-0.9248,-0.9673,-0.0752,-0.0063,0.9674,-0.9673,-0.9587,0.9674,0.0069,0.5047,0.4884,"M","Up in the Air","2019-05-17 14:50:50",-0.2999,-0.5013,0.2097,-0.1231,-0.6066,-0.967,-0.9533,-0.9614,-0.0062,0.9574,0.9674,-0.9674,-0.5023,0.4159,0.0227,0.6445,0.3327,"M"
"196",196,"userControl","311c3","Cosmic Cave","2019-05-20 14:22:55",-0.4758,-0.6594,-0.1787,-0.2025,-0.7374,-0.9674,-0.9253,-0.9671,-0.2273,0.0732,0.9674,-0.967,-0.9588,0.9674,0.0073,0.4935,0.4991,"L","Green Apple","2019-05-20 14:24:19",-0.1728,-0.357,0.3436,-0.068,-0.3777,-0.9674,-0.9658,-0.9671,0.1544,0.9674,0.9674,-0.9619,0.3693,0.0255,0.0392,0.7431,0.2178,"M"
"197",197,"userControl","312c3","Breakfast time","2019-05-24 10:55:32",-0.8137,-0.9115,-0.8748,-0.4044,-0.9137,-0.9674,-0.9544,-0.9674,-0.8713,-0.9157,0.9001,-0.9674,-0.9641,0.9652,7e-04,0.1575,0.8418,"L","St. Patrick's Day","2019-05-24 10:51:46",-0.5696,-0.7642,-0.2398,-0.2496,-0.8894,-0.9674,-0.9674,-0.966,-0.755,0.4623,0.9674,-0.9674,-0.6754,-0.2338,0.004,0.4032,0.5928,"L"
"198",198,"userControl","314c3","Spring","2019-05-24 10:56:06",-0.7891,-0.8797,-0.8651,-0.3645,-0.8881,-0.9674,-0.9075,-0.9673,-0.9139,-0.9083,0.9489,-0.9674,-0.935,0.9511,0.0011,0.1822,0.8167,"L","Broken Guitar","2019-05-24 10:57:15",-0.4324,-0.6583,0.1139,-0.1745,-0.8711,-0.9674,-0.9648,-0.967,-0.0199,0.9316,0.9674,-0.9437,-0.6592,-0.3869,0.0081,0.5369,0.455,"M"
"199",199,"userControl","317c3","Wavy","2019-05-17 14:34:46",-0.6084,-0.7485,-0.5808,-0.0706,-0.8207,-0.9674,-0.9356,-0.9674,-0.4835,-0.6537,0.8488,-0.2371,-0.9613,0.7161,0.0185,0.334,0.6474,"L","Roller coaster","2019-05-20 14:16:33",-0.0496,-0.1635,0.6423,0.1661,-0.4123,-0.9674,-0.9622,-0.4235,0.7955,0.9532,0.9674,-0.4919,-0.2599,0.2969,0.0997,0.7494,0.151,"M"
